t,x,y,run,mass_key,paddle_key
0.0,-0.242,1.064,run01,M1,P0
0.1,-0.339,-1.306,run01,M1,P0
0.2,-0.29,-4.595,run01,M1,P0
0.3,-0.193,-6.626,run01,M1,P0
0.4,0.09674,-5.853,run01,M1,P0
0.5,0.242,-2.709,run01,M1,P0
0.601,0.339,0.387,run01,M1,P0
0.701,0.242,1.064,run01,M1,P0
0.801,0.242,-1.209,run01,M1,P0
0.901,0.29,-4.837,run01,M1,P0
1.001,-0.145,-6.917,run01,M1,P0
1.101,-0.193,-5.853,run01,M1,P0
1.201,-0.29,-2.757,run01,M1,P0
1.301,-0.339,0.04837,run01,M1,P0
1.401,-0.29,0.726,run01,M1,P0
1.502,-0.242,-0.58,run01,M1,P0
1.602,-0.145,-3.289,run01,M1,P0
1.702,-0.09674,-5.949,run01,M1,P0
1.802,0.29,-6.578,run01,M1,P0
1.902,0.435,-4.256,run01,M1,P0
2.002,0.29,-0.774,run01,M1,P0
2.102,0.29,1.161,run01,M1,P0
2.202,0.242,-0.09674,run01,M1,P0
2.302,-0.09674,-2.999,run01,M1,P0
2.402,-0.193,-5.949,run01,M1,P0
2.502,-0.242,-6.481,run01,M1,P0
2.603,-0.09674,-4.256,run01,M1,P0
2.703,-0.09674,-1.209,run01,M1,P0
2.803,0.145,0.58,run01,M1,P0
2.903,0.04837,0.29,run01,M1,P0
3.003,0.145,-2.564,run01,M1,P0
3.103,0.242,-5.611,run01,M1,P0
3.203,0.242,-7.062,run01,M1,P0
3.303,0.145,-5.417,run01,M1,P0
3.403,-0.193,-1.645,run01,M1,P0
3.503,-0.193,0.919,run01,M1,P0
3.604,-0.242,0.435,run01,M1,P0
3.704,-0.339,-2.467,run01,M1,P0
3.804,-0.29,-5.417,run01,M1,P0
3.904,-0.242,-6.626,run01,M1,P0
4.004,0.145,-4.934,run01,M1,P0
4.104,0.193,-1.741,run01,M1,P0
4.204,0.339,0.822,run01,M1,P0
4.304,0.339,0.242,run01,M1,P0
4.404,0.435,-2.467,run01,M1,P0
4.505,0.484,-6.046,run01,M1,P0
4.605,0.0,-7.062,run01,M1,P0
4.705,-0.29,-5.079,run01,M1,P0
4.805,-0.532,-1.838,run01,M1,P0
4.905,-0.435,0.58,run01,M1,P0
5.005,-0.435,0.387,run01,M1,P0
5.105,-0.58,-1.983,run01,M1,P0
5.205,-0.29,-4.74,run01,M1,P0
5.305,0.04837,-6.433,run01,M1,P0
5.405,0.387,-5.272,run01,M1,P0
5.505,0.532,-2.322,run01,M1,P0
5.606,0.58,0.435,run01,M1,P0
5.706,0.532,0.532,run01,M1,P0
5.806,0.242,-1.79,run01,M1,P0
5.906,0.29,-4.885,run01,M1,P0
6.006,-0.193,-6.433,run01,M1,P0
6.106,-0.339,-5.224,run01,M1,P0
6.206,-0.58,-2.612,run01,M1,P0
6.306,-0.387,0.0,run01,M1,P0
6.406,-0.242,0.629,run01,M1,P0
6.506,-0.04837,-1.016,run01,M1,P0
6.607,0.09674,-3.869,run01,M1,P0
6.707,0.193,-6.336,run01,M1,P0
6.807,0.242,-6.191,run01,M1,P0
6.907,0.193,-3.579,run01,M1,P0
7.007,0.09674,-0.29,run01,M1,P0
7.107,-0.09674,0.822,run01,M1,P0
7.207,-0.193,-0.629,run01,M1,P0
7.307,-0.387,-3.918,run01,M1,P0
7.407,-0.339,-6.24,run01,M1,P0
7.508,-0.339,-5.901,run01,M1,P0
7.608,0.145,-3.289,run01,M1,P0
7.708,0.29,-0.387,run01,M1,P0
7.808,0.387,0.871,run01,M1,P0
7.908,0.435,-0.532,run01,M1,P0
8.008,0.58,-3.773,run01,M1,P0
8.108,0.29,-6.481,run01,M1,P0
8.208,0.145,-6.53,run01,M1,P0
8.308,-0.242,-3.918,run01,M1,P0
8.408,-0.387,-0.484,run01,M1,P0
8.508,-0.677,0.774,run01,M1,P0
8.609,-0.532,-0.484,run01,M1,P0
8.709,-0.484,-3.483,run01,M1,P0
8.809,-0.242,-5.804,run01,M1,P0
8.909,0.09674,-6.143,run01,M1,P0
9.009,0.58,-4.063,run01,M1,P0
9.109,0.629,-0.726,run01,M1,P0
9.209,0.629,0.726,run01,M1,P0
9.309,0.58,-0.484,run01,M1,P0
9.409,0.629,-3.386,run01,M1,P0
9.509,0.09674,-5.998,run01,M1,P0
9.61,-0.04837,-6.24,run01,M1,P0
9.71,-0.629,-4.16,run01,M1,P0
9.81,-0.387,-1.064,run01,M1,P0
9.91,-0.387,0.58,run01,M1,P0
10.01,-0.29,-0.145,run01,M1,P0
10.11,-0.145,-2.612,run01,M1,P0
10.21,0.193,-5.175,run01,M1,P0
10.31,0.387,-6.336,run01,M1,P0
10.41,0.484,-4.692,run01,M1,P0
10.511,0.532,-1.741,run01,M1,P0
10.611,0.242,0.339,run01,M1,P0
10.711,0.09674,0.09674,run01,M1,P0
10.811,-0.04837,-2.564,run01,M1,P0
10.911,-0.242,-5.321,run01,M1,P0
11.011,-0.29,-6.24,run01,M1,P0
11.111,-0.193,-4.74,run01,M1,P0
11.211,-0.04837,-1.79,run01,M1,P0
11.311,0.09674,0.29,run01,M1,P0
11.411,0.29,0.09674,run01,M1,P0
11.511,0.387,-2.177,run01,M1,P0
11.612,0.484,-5.175,run01,M1,P0
11.712,0.339,-6.578,run01,M1,P0
11.812,-0.04837,-5.079,run01,M1,P0
11.912,-0.435,-2.128,run01,M1,P0
12.012,-0.484,0.532,run01,M1,P0
12.112,-0.629,0.484,run01,M1,P0
12.212,-0.532,-1.838,run01,M1,P0
12.312,-0.484,-4.837,run01,M1,P0
12.412,-0.145,-6.288,run01,M1,P0
12.512,0.29,-5.079,run01,M1,P0
12.613,0.532,-2.322,run01,M1,P0
12.713,0.58,0.435,run01,M1,P0
12.813,0.58,0.387,run01,M1,P0
12.913,0.677,-1.935,run01,M1,P0
13.013,0.58,-5.175,run01,M1,P0
13.113,-0.193,-6.578,run01,M1,P0
13.213,-0.435,-5.514,run01,M1,P0
13.313,-0.677,-2.37,run01,M1,P0
13.413,-0.726,0.145,run01,M1,P0
13.514,-0.58,0.629,run01,M1,P0
13.614,-0.387,-1.499,run01,M1,P0
13.714,-0.242,-4.45,run01,M1,P0
13.814,0.09674,-6.336,run01,M1,P0
13.914,0.339,-5.611,run01,M1,P0
14.014,0.629,-2.902,run01,M1,P0
14.114,0.435,0.0,run01,M1,P0
14.214,0.29,0.58,run01,M1,P0
14.314,0.0,-1.306,run01,M1,P0
14.414,-0.145,-4.498,run01,M1,P0
14.514,-0.435,-6.24,run01,M1,P0
14.615,-0.339,-5.466,run01,M1,P0
14.715,-0.242,-2.854,run01,M1,P0
14.815,-0.04837,-0.29,run01,M1,P0
14.915,0.04837,0.532,run01,M1,P0
15.015,0.09674,-0.919,run01,M1,P0
15.115,0.339,-3.676,run01,M1,P0
15.215,0.435,-6.046,run01,M1,P0
15.315,0.339,-6.094,run01,M1,P0
15.415,-0.04837,-3.676,run01,M1,P0
15.515,-0.145,-0.726,run01,M1,P0
15.616,-0.29,0.629,run01,M1,P0
15.716,-0.435,-0.871,run01,M1,P0
15.816,-0.629,-3.628,run01,M1,P0
15.916,-0.484,-5.998,run01,M1,P0
16.016,-0.09674,-5.804,run01,M1,P0
16.116,0.29,-3.434,run01,M1,P0
16.216,0.435,-0.58,run01,M1,P0
16.316,0.58,0.58,run01,M1,P0
16.416,0.435,-0.58,run01,M1,P0
16.517,0.629,-3.676,run01,M1,P0
16.617,0.145,-6.336,run01,M1,P0
16.717,-0.145,-6.288,run01,M1,P0
16.817,-0.532,-3.676,run01,M1,P0
16.917,-0.532,-0.822,run01,M1,P0
17.017,-0.532,0.58,run01,M1,P0
17.117,-0.629,-0.532,run01,M1,P0
17.217,-0.484,-3.241,run01,M1,P0
17.317,-0.242,-5.611,run01,M1,P0
17.417,0.242,-5.998,run01,M1,P0
17.517,0.629,-3.918,run01,M1,P0
17.618,0.677,-1.064,run01,M1,P0
17.718,0.629,0.58,run01,M1,P0
17.818,0.484,-0.484,run01,M1,P0
17.918,0.242,-3.337,run01,M1,P0
18.018,-0.193,-5.853,run01,M1,P0
18.118,-0.435,-6.046,run01,M1,P0
18.218,-0.387,-4.015,run01,M1,P0
18.318,-0.339,-1.112,run01,M1,P0
18.418,0.0,0.339,run01,M1,P0
18.518,-0.09674,-0.339,run01,M1,P0
18.619,0.193,-2.66,run01,M1,P0
18.719,0.339,-5.562,run01,M1,P0
18.819,0.387,-6.288,run01,M1,P0
18.919,0.242,-4.643,run01,M1,P0
19.019,-0.09674,-1.645,run01,M1,P0
19.119,-0.193,0.387,run01,M1,P0
19.219,-0.387,-0.242,run01,M1,P0
19.319,-0.58,-2.757,run01,M1,P0
19.419,-0.484,-5.369,run01,M1,P0
19.52,-0.193,-6.046,run01,M1,P0
19.62,0.145,-4.498,run01,M1,P0
19.72,0.387,-1.838,run01,M1,P0
19.82,0.435,0.145,run01,M1,P0
19.92,0.387,0.04837,run01,M1,P0
20.02,0.532,-2.322,run01,M1,P0
20.12,0.484,-5.272,run01,M1,P0
20.22,0.04837,-6.433,run01,M1,P0
20.32,-0.387,-4.837,run01,M1,P0
20.42,-0.677,-1.838,run01,M1,P0
20.52,-0.629,0.339,run01,M1,P0
20.621,-0.629,0.145,run01,M1,P0
20.721,-0.484,-2.177,run01,M1,P0
20.821,-0.29,-4.982,run01,M1,P0
20.921,0.09674,-6.046,run01,M1,P0
21.021,0.387,-4.74,run01,M1,P0
21.121,0.532,-1.935,run01,M1,P0
21.221,0.532,0.193,run01,M1,P0
21.321,0.484,0.09674,run01,M1,P0
21.421,0.242,-2.225,run01,M1,P0
21.521,0.0,-5.224,run01,M1,P0
21.622,-0.29,-6.385,run01,M1,P0
21.722,-0.484,-4.934,run01,M1,P0
21.822,-0.435,-2.128,run01,M1,P0
21.922,-0.29,0.145,run01,M1,P0
22.022,-0.242,0.04837,run01,M1,P0
22.122,-0.145,-1.983,run01,M1,P0
22.222,0.145,-4.498,run01,M1,P0
22.322,0.242,-6.046,run01,M1,P0
22.422,0.339,-5.224,run01,M1,P0
22.523,0.193,-2.564,run01,M1,P0
22.623,-0.04837,0.04837,run01,M1,P0
22.723,-0.145,0.242,run01,M1,P0
22.823,-0.29,-1.838,run01,M1,P0
22.923,-0.435,-4.74,run01,M1,P0
23.023,-0.193,-5.949,run01,M1,P0
23.123,-0.09674,-5.03,run01,M1,P0
23.223,0.145,-2.564,run01,M1,P0
23.323,0.339,-0.387,run01,M1,P0
23.423,0.387,0.145,run01,M1,P0
23.523,0.387,-1.451,run01,M1,P0
23.624,0.484,-4.256,run01,M1,P0
23.724,0.193,-6.191,run01,M1,P0
23.824,-0.04837,-5.611,run01,M1,P0
23.924,-0.387,-3.144,run01,M1,P0
24.024,-0.387,-0.58,run01,M1,P0
24.124,-0.435,0.387,run01,M1,P0
24.224,-0.629,-1.403,run01,M1,P0
24.324,-0.29,-4.208,run01,M1,P0
24.424,0.0,-5.853,run01,M1,P0
24.524,0.339,-5.321,run01,M1,P0
24.625,0.484,-3.047,run01,M1,P0
24.725,0.58,-0.484,run01,M1,P0
24.825,0.387,0.435,run01,M1,P0
24.925,0.29,-1.306,run01,M1,P0
25.025,0.09674,-4.305,run01,M1,P0
25.125,-0.09674,-6.191,run01,M1,P0
25.225,-0.242,-5.562,run01,M1,P0
25.325,-0.435,-3.096,run01,M1,P0
25.425,-0.29,-0.629,run01,M1,P0
25.526,-0.145,0.145,run01,M1,P0
25.626,-0.04837,-1.209,run01,M1,P0
25.726,0.145,-3.773,run01,M1,P0
25.826,0.242,-5.804,run01,M1,P0
25.926,0.339,-5.369,run01,M1,P0
26.026,0.242,-3.289,run01,M1,P0
26.126,0.09674,-0.629,run01,M1,P0
26.226,-0.09674,0.29,run01,M1,P0
26.326,-0.193,-1.306,run01,M1,P0
26.426,-0.339,-3.918,run01,M1,P0
26.526,-0.339,-5.853,run01,M1,P0
26.627,-0.09674,-5.611,run01,M1,P0
26.727,0.0,-3.337,run01,M1,P0
26.827,0.09674,-0.822,run01,M1,P0
26.927,0.242,0.242,run01,M1,P0
27.027,0.339,-0.967,run01,M1,P0
27.127,0.387,-3.483,run01,M1,P0
27.227,0.193,-5.659,run01,M1,P0
27.327,0.0,-6.046,run01,M1,P0
27.427,-0.339,-3.724,run01,M1,P0
27.527,-0.435,-1.016,run01,M1,P0
27.628,-0.339,0.29,run01,M1,P0
27.728,-0.435,-0.726,run01,M1,P0
27.828,-0.29,-3.531,run01,M1,P0
27.928,-0.09674,-5.466,run01,M1,P0
28.028,0.09674,-5.611,run01,M1,P0
28.128,0.387,-3.869,run01,M1,P0
28.228,0.435,-1.064,run01,M1,P0
28.328,0.387,0.242,run01,M1,P0
28.428,0.193,-0.919,run01,M1,P0
28.529,0.29,-3.434,run01,M1,P0
28.629,-0.145,-5.804,run01,M1,P0
28.729,-0.339,-5.998,run01,M1,P0
28.829,-0.387,-3.821,run01,M1,P0
28.929,-0.387,-1.258,run01,M1,P0
29.029,-0.242,0.193,run01,M1,P0
29.129,-0.193,-0.677,run01,M1,P0
29.229,-0.04837,-3.144,run01,M1,P0
29.329,0.242,-5.127,run01,M1,P0
29.429,0.193,-5.853,run01,M1,P0
29.529,0.193,-4.015,run01,M1,P0
29.63,0.04837,-1.403,run01,M1,P0
29.73,0.0,0.09674,run01,M1,P0
29.83,-0.193,-0.629,run01,M1,P0
29.93,-0.387,-3.144,run01,M1,P0
30.03,-0.339,-5.611,run01,M1,P0
30.13,-0.242,-5.949,run01,M1,P0
30.23,-0.04837,-3.966,run01,M1,P0
30.33,0.145,-1.403,run01,M1,P0
30.43,0.193,-0.04837,run01,M1,P0
30.53,0.29,-0.387,run01,M1,P0
30.631,0.339,-2.66,run01,M1,P0
30.731,0.435,-5.03,run01,M1,P0
30.831,0.04837,-6.046,run01,M1,P0
30.931,-0.193,-4.498,run01,M1,P0
31.031,-0.435,-1.693,run01,M1,P0
31.131,-0.435,0.0,run01,M1,P0
31.231,-0.387,-0.387,run01,M1,P0
31.331,-0.484,-2.854,run01,M1,P0
31.431,-0.193,-5.224,run01,M1,P0
31.532,-0.04837,-5.853,run01,M1,P0
31.632,0.242,-4.256,run01,M1,P0
31.732,0.387,-1.741,run01,M1,P0
31.832,0.387,0.0,run01,M1,P0
31.932,0.242,-0.242,run01,M1,P0
32.032,0.193,-2.612,run01,M1,P0
32.132,0.0,-5.321,run01,M1,P0
32.232,-0.29,-6.143,run01,M1,P0
32.332,-0.339,-4.837,run01,M1,P0
32.432,-0.242,-1.935,run01,M1,P0
32.532,-0.193,-0.04837,run01,M1,P0
32.633,-0.145,-0.339,run01,M1,P0
32.733,-0.04837,-2.467,run01,M1,P0
32.833,0.04837,-4.837,run01,M1,P0
32.933,0.04837,-5.949,run01,M1,P0
33.033,0.193,-4.643,run01,M1,P0
33.133,0.0,-2.031,run01,M1,P0
33.233,-0.04837,-0.04837,run01,M1,P0
33.333,-0.09674,-0.339,run01,M1,P0
33.433,-0.242,-2.709,run01,M1,P0
33.533,-0.242,-5.079,run01,M1,P0
33.634,-0.242,-6.046,run01,M1,P0
33.734,-0.04837,-4.643,run01,M1,P0
33.834,0.145,-2.031,run01,M1,P0
33.934,0.242,-0.145,run01,M1,P0
34.034,0.242,-0.145,run01,M1,P0
34.134,0.387,-2.08,run01,M1,P0
34.234,0.242,-4.643,run01,M1,P0
34.334,0.04837,-5.998,run01,M1,P0
34.434,-0.193,-4.982,run01,M1,P0
34.535,-0.387,-2.418,run01,M1,P0
34.635,-0.29,-0.484,run01,M1,P0
34.735,-0.29,-0.09674,run01,M1,P0
34.835,-0.387,-2.128,run01,M1,P0
0.601,0.213,-7.831,run02,M1,P2
0.701,0.101,-7.18,run02,M1,P2
0.801,-0.123,-4.016,run02,M1,P2
0.901,-0.213,0.0,run02,M1,P2
1.001,-0.236,1.66,run02,M1,P2
1.101,-0.325,-0.02244,run02,M1,P2
1.201,-0.213,-3.478,run02,M1,P2
1.301,-0.303,-6.574,run02,M1,P2
1.401,-0.03366,-6.866,run02,M1,P2
1.502,0.07853,-4.196,run02,M1,P2
1.602,0.236,-0.359,run02,M1,P2
1.702,0.258,1.593,run02,M1,P2
1.802,0.191,0.404,run02,M1,P2
1.902,0.415,-3.366,run02,M1,P2
2.002,0.325,-6.798,run02,M1,P2
2.102,-0.07853,-7.135,run02,M1,P2
2.202,-0.325,-4.196,run02,M1,P2
2.302,-0.55,-0.83,run02,M1,P2
2.402,-0.55,1.212,run02,M1,P2
2.502,-0.617,0.494,run02,M1,P2
2.603,-0.752,-2.266,run02,M1,P2
2.703,-0.415,-5.475,run02,M1,P2
2.803,-0.101,-6.821,run02,M1,P2
2.903,0.303,-5.228,run02,M1,P2
3.003,0.438,-1.593,run02,M1,P2
3.103,0.415,1.032,run02,M1,P2
3.203,0.415,0.83,run02,M1,P2
3.303,0.393,-2.019,run02,M1,P2
3.403,0.191,-5.52,run02,M1,P2
3.503,-0.191,-6.843,run02,M1,P2
3.604,-0.46,-5.362,run02,M1,P2
3.704,-0.639,-2.333,run02,M1,P2
3.804,-0.527,0.404,run02,M1,P2
3.904,-0.505,0.987,run02,M1,P2
4.004,-0.438,-0.92,run02,M1,P2
4.104,-0.213,-4.173,run02,M1,P2
4.204,0.101,-6.798,run02,M1,P2
4.304,0.325,-6.574,run02,M1,P2
4.404,0.28,-3.41,run02,M1,P2
4.505,0.123,0.02244,run02,M1,P2
4.605,0.05609,1.324,run02,M1,P2
4.705,-0.101,-0.471,run02,M1,P2
4.805,-0.213,-4.061,run02,M1,P2
4.905,-0.28,-6.507,run02,M1,P2
5.005,-0.303,-6.35,run02,M1,P2
5.105,-0.28,-3.523,run02,M1,P2
5.205,-0.05609,-0.404,run02,M1,P2
5.305,-0.101,1.234,run02,M1,P2
5.405,-0.03366,-0.224,run02,M1,P2
5.505,0.213,-3.657,run02,M1,P2
5.606,0.191,-6.664,run02,M1,P2
5.706,0.01122,-7.068,run02,M1,P2
5.806,-0.213,-4.308,run02,M1,P2
5.906,-0.482,-0.628,run02,M1,P2
6.006,-0.482,1.369,run02,M1,P2
6.106,-0.595,-0.157,run02,M1,P2
6.206,-0.595,-3.41,run02,M1,P2
6.306,-0.415,-6.282,run02,M1,P2
6.406,-0.168,-6.641,run02,M1,P2
6.506,0.101,-4.218,run02,M1,P2
6.607,0.393,-0.83,run02,M1,P2
6.707,0.415,1.279,run02,M1,P2
6.807,0.348,-0.02244,run02,M1,P2
6.907,0.55,-3.321,run02,M1,P2
7.007,0.348,-6.395,run02,M1,P2
7.107,-0.05609,-6.843,run02,M1,P2
7.207,-0.617,-4.42,run02,M1,P2
7.307,-0.752,-0.897,run02,M1,P2
7.407,-0.662,1.055,run02,M1,P2
7.508,-0.752,0.381,run02,M1,P2
7.608,-0.841,-2.603,run02,M1,P2
7.708,-0.572,-5.497,run02,M1,P2
7.808,0.03366,-6.664,run02,M1,P2
7.908,0.505,-4.981,run02,M1,P2
8.008,0.684,-1.638,run02,M1,P2
8.108,0.662,0.92,run02,M1,P2
8.208,0.415,0.404,run02,M1,P2
8.308,0.415,-2.558,run02,M1,P2
8.408,0.168,-5.766,run02,M1,P2
8.508,-0.28,-6.754,run02,M1,P2
8.609,-0.617,-5.003,run02,M1,P2
8.709,-0.684,-1.773,run02,M1,P2
8.809,-0.572,0.561,run02,M1,P2
8.909,-0.46,0.494,run02,M1,P2
9.009,-0.37,-1.615,run02,M1,P2
9.109,-0.191,-4.667,run02,M1,P2
9.209,0.236,-6.664,run02,M1,P2
9.309,0.415,-5.744,run02,M1,P2
9.409,0.482,-2.558,run02,M1,P2
9.509,0.348,0.381,run02,M1,P2
9.61,0.05609,0.83,run02,M1,P2
9.71,-0.03366,-1.279,run02,M1,P2
9.81,-0.191,-4.6,run02,M1,P2
9.91,-0.348,-6.484,run02,M1,P2
10.01,-0.236,-5.564,run02,M1,P2
10.11,-0.07853,-2.715,run02,M1,P2
10.21,0.123,0.06731,run02,M1,P2
10.31,0.123,0.875,run02,M1,P2
10.41,0.236,-0.942,run02,M1,P2
10.511,0.46,-4.241,run02,M1,P2
10.611,0.37,-6.664,run02,M1,P2
10.711,0.258,-6.35,run02,M1,P2
10.811,-0.07853,-3.41,run02,M1,P2
10.911,-0.213,-0.247,run02,M1,P2
11.011,-0.348,0.942,run02,M1,P2
11.111,-0.46,-0.808,run02,M1,P2
11.211,-0.527,-4.039,run02,M1,P2
11.311,-0.303,-6.305,run02,M1,P2
11.411,0.05609,-6.036,run02,M1,P2
11.511,0.527,-3.612,run02,M1,P2
11.612,0.752,-0.449,run02,M1,P2
11.712,0.707,0.875,run02,M1,P2
11.812,0.797,-0.74,run02,M1,P2
11.912,0.864,-3.904,run02,M1,P2
12.012,0.325,-6.507,run02,M1,P2
12.112,-0.05609,-6.395,run02,M1,P2
12.212,-0.572,-3.769,run02,M1,P2
12.312,-0.595,-0.785,run02,M1,P2
12.412,-0.505,0.74,run02,M1,P2
12.512,-0.527,-0.494,run02,M1,P2
12.613,-0.46,-3.41,run02,M1,P2
12.713,-0.101,-5.923,run02,M1,P2
12.813,0.348,-6.395,run02,M1,P2
12.913,0.707,-4.285,run02,M1,P2
13.013,0.797,-1.032,run02,M1,P2
13.113,0.595,0.785,run02,M1,P2
13.213,0.482,-0.135,run02,M1,P2
13.313,0.37,-3.253,run02,M1,P2
13.413,-0.01122,-5.991,run02,M1,P2
13.514,-0.303,-6.35,run02,M1,P2
13.614,-0.438,-4.241,run02,M1,P2
13.714,-0.37,-1.369,run02,M1,P2
13.814,-0.258,0.673,run02,M1,P2
13.914,-0.146,-0.04487,run02,M1,P2
14.014,0.07853,-2.625,run02,M1,P2
14.114,0.303,-5.43,run02,M1,P2
14.214,0.415,-6.529,run02,M1,P2
14.314,0.348,-4.936,run02,M1,P2
14.414,0.123,-1.93,run02,M1,P2
14.514,0.03366,0.494,run02,M1,P2
14.615,-0.168,0.157,run02,M1,P2
14.715,-0.348,-2.513,run02,M1,P2
14.815,-0.393,-5.318,run02,M1,P2
14.915,-0.146,-6.395,run02,M1,P2
15.015,0.05609,-4.757,run02,M1,P2
15.115,0.303,-1.93,run02,M1,P2
15.215,0.415,0.314,run02,M1,P2
15.315,0.415,0.292,run02,M1,P2
15.415,0.595,-2.064,run02,M1,P2
15.515,0.595,-5.273,run02,M1,P2
15.616,0.303,-6.641,run02,M1,P2
15.716,-0.191,-5.475,run02,M1,P2
15.816,-0.505,-2.244,run02,M1,P2
15.916,-0.595,0.247,run02,M1,P2
16.016,-0.572,0.314,run02,M1,P2
16.116,-0.639,-1.84,run02,M1,P2
16.216,-0.325,-4.734,run02,M1,P2
16.316,0.03366,-6.215,run02,M1,P2
16.416,0.303,-5.25,run02,M1,P2
16.517,0.617,-2.423,run02,M1,P2
16.617,0.55,0.02244,run02,M1,P2
16.717,0.55,0.494,run02,M1,P2
16.817,0.482,-1.728,run02,M1,P2
16.917,0.28,-4.846,run02,M1,P2
17.017,-0.101,-6.484,run02,M1,P2
17.117,-0.46,-5.43,run02,M1,P2
17.217,-0.617,-2.648,run02,M1,P2
17.317,-0.55,-0.08975,run02,M1,P2
17.417,-0.415,0.426,run02,M1,P2
17.517,-0.258,-1.346,run02,M1,P2
17.618,0.01122,-4.196,run02,M1,P2
17.718,0.236,-6.125,run02,M1,P2
17.818,0.348,-5.789,run02,M1,P2
17.918,0.258,-3.096,run02,M1,P2
18.018,0.07853,-0.314,run02,M1,P2
18.118,-0.07853,0.471,run02,M1,P2
18.218,-0.213,-1.144,run02,M1,P2
18.318,-0.37,-4.285,run02,M1,P2
18.418,-0.348,-6.215,run02,M1,P2
18.518,-0.303,-5.677,run02,M1,P2
18.619,-0.101,-3.096,run02,M1,P2
18.719,0.05609,-0.494,run02,M1,P2
18.819,0.123,0.449,run02,M1,P2
18.919,0.213,-0.897,run02,M1,P2
19.019,0.438,-3.657,run02,M1,P2
19.119,0.325,-6.013,run02,M1,P2
19.219,0.146,-6.08,run02,M1,P2
19.319,-0.213,-3.747,run02,M1,P2
19.419,-0.505,-0.853,run02,M1,P2
19.52,-0.639,0.494,run02,M1,P2
19.62,-0.617,-0.628,run02,M1,P2
19.72,-0.595,-3.433,run02,M1,P2
19.82,-0.28,-5.811,run02,M1,P2
19.92,0.05609,-5.811,run02,M1,P2
20.02,0.37,-3.702,run02,M1,P2
20.12,0.46,-0.965,run02,M1,P2
20.22,0.438,0.426,run02,M1,P2
20.32,0.415,-0.538,run02,M1,P2
20.42,0.348,-3.321,run02,M1,P2
20.52,0.01122,-5.879,run02,M1,P2
20.621,-0.236,-6.17,run02,M1,P2
20.721,-0.55,-3.949,run02,M1,P2
20.821,-0.572,-1.055,run02,M1,P2
20.921,-0.438,0.449,run02,M1,P2
21.021,-0.46,-0.359,run02,M1,P2
21.121,-0.213,-2.872,run02,M1,P2
21.221,-0.03366,-5.564,run02,M1,P2
21.321,0.303,-6.08,run02,M1,P2
21.421,0.325,-4.218,run02,M1,P2
21.521,0.213,-1.481,run02,M1,P2
21.622,0.01122,0.337,run02,M1,P2
21.722,0.03366,-0.269,run02,M1,P2
21.822,-0.168,-2.962,run02,M1,P2
21.922,-0.37,-5.564,run02,M1,P2
22.022,-0.303,-6.26,run02,M1,P2
22.122,-0.28,-4.173,run02,M1,P2
22.222,-0.07853,-1.526,run02,M1,P2
22.322,0.07853,0.202,run02,M1,P2
22.422,0.07853,-0.179,run02,M1,P2
22.523,0.258,-2.378,run02,M1,P2
22.623,0.303,-5.071,run02,M1,P2
22.723,0.191,-6.237,run02,M1,P2
22.823,-0.07853,-4.824,run02,M1,P2
22.923,-0.348,-1.93,run02,M1,P2
23.023,-0.46,0.179,run02,M1,P2
23.123,-0.572,-0.06731,run02,M1,P2
23.223,-0.617,-2.221,run02,M1,P2
23.323,-0.37,-5.003,run02,M1,P2
23.423,-0.01122,-6.103,run02,M1,P2
23.523,0.236,-4.712,run02,M1,P2
23.624,0.37,-2.132,run02,M1,P2
23.724,0.393,0.02244,run02,M1,P2
23.824,0.348,-0.02244,run02,M1,P2
23.924,0.325,-2.042,run02,M1,P2
24.024,0.236,-4.824,run02,M1,P2
24.124,-0.03366,-6.282,run02,M1,P2
24.224,-0.348,-5.25,run02,M1,P2
24.324,-0.572,-2.266,run02,M1,P2
24.424,-0.482,-0.179,run02,M1,P2
24.524,-0.348,0.135,run02,M1,P2
24.625,-0.213,-1.75,run02,M1,P2
24.725,-0.01122,-4.398,run02,M1,P2
24.825,0.236,-6.058,run02,M1,P2
24.925,0.393,-5.183,run02,M1,P2
25.025,0.28,-2.558,run02,M1,P2
25.125,0.07853,-0.292,run02,M1,P2
25.225,-0.01122,0.135,run02,M1,P2
25.325,-0.168,-1.705,run02,M1,P2
25.425,-0.303,-4.622,run02,M1,P2
25.526,-0.236,-6.193,run02,M1,P2
25.626,-0.213,-5.25,run02,M1,P2
25.726,-0.168,-2.625,run02,M1,P2
25.826,0.03366,-0.381,run02,M1,P2
25.926,0.05609,0.112,run02,M1,P2
26.026,0.168,-1.369,run02,M1,P2
26.126,0.325,-3.971,run02,M1,P2
26.226,0.258,-5.856,run02,M1,P2
26.326,-0.01122,-5.497,run02,M1,P2
26.426,-0.236,-3.119,run02,M1,P2
26.526,-0.438,-0.538,run02,M1,P2
26.627,-0.482,0.247,run02,M1,P2
26.727,-0.527,-1.256,run02,M1,P2
26.827,-0.37,-3.994,run02,M1,P2
26.927,-0.168,-5.811,run02,M1,P2
27.027,0.05609,-5.407,run02,M1,P2
27.127,0.236,-3.119,run02,M1,P2
27.227,0.28,-0.651,run02,M1,P2
27.327,0.28,0.179,run02,M1,P2
27.427,0.258,-0.942,run02,M1,P2
27.527,0.191,-3.657,run02,M1,P2
27.628,0.05609,-5.811,run02,M1,P2
27.728,-0.191,-5.879,run02,M1,P2
27.828,-0.438,-3.523,run02,M1,P2
27.928,-0.527,-0.83,run02,M1,P2
28.028,-0.37,0.337,run02,M1,P2
28.128,-0.303,-0.853,run02,M1,P2
28.228,-0.101,-3.433,run02,M1,P2
28.328,0.146,-5.52,run02,M1,P2
28.428,0.191,-5.654,run02,M1,P2
28.529,0.236,-3.635,run02,M1,P2
28.629,0.05609,-1.01,run02,M1,P2
28.729,-0.01122,0.202,run02,M1,P2
28.829,-0.146,-0.875,run02,M1,P2
28.929,-0.258,-3.523,run02,M1,P2
29.029,-0.258,-5.744,run02,M1,P2
29.129,-0.236,-5.811,run02,M1,P2
29.229,-0.213,-3.725,run02,M1,P2
29.329,-0.03366,-1.099,run02,M1,P2
29.429,0.05609,0.224,run02,M1,P2
29.529,0.101,-0.696,run02,M1,P2
29.63,0.191,-2.939,run02,M1,P2
29.73,0.213,-5.273,run02,M1,P2
29.83,0.168,-5.744,run02,M1,P2
29.93,-0.123,-4.106,run02,M1,P2
30.03,-0.393,-1.436,run02,M1,P2
30.13,-0.37,0.04487,run02,M1,P2
30.23,-0.482,-0.583,run02,M1,P2
30.33,-0.438,-2.962,run02,M1,P2
30.43,-0.213,-5.295,run02,M1,P2
30.53,-0.01122,-5.789,run02,M1,P2
30.631,0.258,-4.173,run02,M1,P2
30.731,0.303,-1.615,run02,M1,P2
30.831,0.28,-0.06731,run02,M1,P2
30.931,0.123,-0.426,run02,M1,P2
31.031,0.146,-2.558,run02,M1,P2
31.131,-0.01122,-5.048,run02,M1,P2
31.231,-0.146,-6.08,run02,M1,P2
31.331,-0.348,-4.622,run02,M1,P2
31.431,-0.37,-1.93,run02,M1,P2
31.532,-0.303,-0.02244,run02,M1,P2
31.632,-0.258,-0.247,run02,M1,P2
31.732,-0.123,-2.446,run02,M1,P2
31.832,0.101,-4.936,run02,M1,P2
31.932,0.168,-5.856,run02,M1,P2
32.032,0.191,-4.644,run02,M1,P2
32.132,0.07853,-1.952,run02,M1,P2
32.232,-0.07853,-0.06731,run02,M1,P2
32.332,-0.168,-0.269,run02,M1,P2
32.432,-0.213,-2.401,run02,M1,P2
32.532,-0.303,-5.026,run02,M1,P2
32.633,-0.258,-6.08,run02,M1,P2
32.733,-0.146,-4.824,run02,M1,P2
32.833,0.01122,-2.042,run02,M1,P2
32.933,0.101,-0.269,run02,M1,P2
33.033,0.101,-0.224,run02,M1,P2
33.133,0.191,-2.042,run02,M1,P2
33.233,0.213,-4.622,run02,M1,P2
33.333,0.01122,-5.766,run02,M1,P2
33.433,-0.146,-4.891,run02,M1,P2
33.533,-0.393,-2.423,run02,M1,P2
33.634,-0.438,-0.337,run02,M1,P2
33.734,-0.46,-0.157,run02,M1,P2
33.834,-0.438,-1.997,run02,M1,P2
33.934,-0.236,-4.644,run02,M1,P2
34.034,0.05609,-5.811,run02,M1,P2
34.134,0.168,-4.869,run02,M1,P2
34.234,0.213,-2.513,run02,M1,P2
34.334,0.213,-0.516,run02,M1,P2
34.434,0.07853,-0.04487,run02,M1,P2
34.535,0.168,-1.615,run02,M1,P2
34.635,-0.01122,-4.196,run02,M1,P2
34.735,-0.168,-5.811,run02,M1,P2
34.835,-0.303,-5.183,run02,M1,P2
0.0,-0.193,-1.492,run03,M1,P4
0.1,0.193,1.155,run03,M1,P4
0.2,0.481,0.915,run03,M1,P4
0.3,0.626,-2.214,run03,M1,P4
0.4,1.059,-5.873,run03,M1,P4
0.5,0.77,-7.654,run03,M1,P4
0.601,0.289,-6.017,run03,M1,P4
0.701,-0.144,-2.262,run03,M1,P4
0.801,-0.77,0.818,run03,M1,P4
0.901,-0.77,1.203,run03,M1,P4
1.001,-1.011,-1.444,run03,M1,P4
1.101,-1.252,-5.247,run03,M1,P4
1.201,-0.674,-7.413,run03,M1,P4
1.301,0.385,-6.499,run03,M1,P4
1.401,1.011,-3.033,run03,M1,P4
1.502,1.444,-0.09628,run03,M1,P4
1.602,1.3,1.011,run03,M1,P4
1.702,0.963,-0.77,run03,M1,P4
1.802,0.674,-3.995,run03,M1,P4
1.902,0.385,-6.691,run03,M1,P4
2.002,-0.53,-6.836,run03,M1,P4
2.102,-0.866,-3.995,run03,M1,P4
2.202,-0.866,-0.578,run03,M1,P4
2.302,-0.578,1.059,run03,M1,P4
2.402,-0.433,-0.289,run03,M1,P4
2.502,-0.289,-3.514,run03,M1,P4
2.603,0.144,-6.499,run03,M1,P4
2.703,0.674,-6.98,run03,M1,P4
2.803,0.77,-4.573,run03,M1,P4
2.903,0.77,-1.444,run03,M1,P4
3.003,0.578,0.722,run03,M1,P4
3.103,0.337,0.04814,run03,M1,P4
3.203,0.04814,-2.599,run03,M1,P4
3.303,-0.09628,-5.825,run03,M1,P4
3.403,-0.385,-7.221,run03,M1,P4
3.503,-0.193,-5.536,run03,M1,P4
3.604,-0.04814,-2.166,run03,M1,P4
3.704,0.04814,0.481,run03,M1,P4
3.804,0.241,0.481,run03,M1,P4
3.904,0.674,-2.022,run03,M1,P4
4.004,0.77,-5.44,run03,M1,P4
4.104,0.626,-6.98,run03,M1,P4
4.204,0.241,-5.632,run03,M1,P4
4.304,-0.04814,-2.696,run03,M1,P4
4.404,-0.337,-3.553e-15,run03,M1,P4
4.505,-0.433,0.53,run03,M1,P4
4.605,-0.674,-1.444,run03,M1,P4
4.705,-0.626,-4.91,run03,M1,P4
4.805,-0.289,-6.98,run03,M1,P4
4.905,0.433,-6.45,run03,M1,P4
5.005,0.963,-3.322,run03,M1,P4
5.105,0.963,-0.433,run03,M1,P4
5.205,0.963,0.433,run03,M1,P4
5.305,0.866,-1.011,run03,M1,P4
5.405,0.77,-3.851,run03,M1,P4
5.505,0.337,-6.402,run03,M1,P4
5.606,-0.09628,-6.306,run03,M1,P4
5.706,-0.722,-3.851,run03,M1,P4
5.806,-0.77,-0.866,run03,M1,P4
5.906,-0.578,0.433,run03,M1,P4
6.006,-0.337,-0.722,run03,M1,P4
6.106,-0.241,-3.418,run03,M1,P4
6.206,0.04814,-6.065,run03,M1,P4
6.306,0.53,-6.643,run03,M1,P4
6.406,0.77,-4.718,run03,M1,P4
6.506,0.818,-1.637,run03,M1,P4
6.607,0.481,0.337,run03,M1,P4
6.707,0.241,-0.193,run03,M1,P4
6.807,0.193,-2.599,run03,M1,P4
6.907,-0.09628,-5.584,run03,M1,P4
7.007,-0.337,-6.836,run03,M1,P4
7.107,-0.289,-5.054,run03,M1,P4
7.207,-0.144,-2.262,run03,M1,P4
7.307,0.04814,-0.04814,run03,M1,P4
7.407,0.289,-0.144,run03,M1,P4
7.508,0.481,-2.359,run03,M1,P4
7.608,0.674,-5.343,run03,M1,P4
7.708,0.53,-6.643,run03,M1,P4
7.808,0.241,-5.391,run03,M1,P4
7.908,0.0,-2.503,run03,M1,P4
8.008,-0.337,-0.289,run03,M1,P4
8.108,-0.674,0.144,run03,M1,P4
8.208,-0.626,-2.022,run03,M1,P4
8.308,-0.481,-4.573,run03,M1,P4
8.408,-0.193,-6.643,run03,M1,P4
8.508,0.385,-5.873,run03,M1,P4
8.609,0.674,-3.225,run03,M1,P4
8.709,0.77,-0.77,run03,M1,P4
8.809,0.77,0.09628,run03,M1,P4
8.909,0.722,-1.3,run03,M1,P4
9.009,0.626,-3.947,run03,M1,P4
9.109,0.144,-6.065,run03,M1,P4
9.209,-0.337,-6.017,run03,M1,P4
9.309,-0.53,-3.658,run03,M1,P4
9.409,-0.578,-1.011,run03,M1,P4
9.509,-0.481,0.09628,run03,M1,P4
9.61,-0.337,-1.011,run03,M1,P4
9.71,0.0,-3.562,run03,M1,P4
9.81,0.193,-5.969,run03,M1,P4
9.91,0.578,-6.354,run03,M1,P4
10.01,0.722,-4.332,run03,M1,P4
10.11,0.53,-1.3,run03,M1,P4
10.21,0.289,0.09628,run03,M1,P4
10.31,0.144,-0.578,run03,M1,P4
10.41,-0.144,-2.985,run03,M1,P4
10.511,-0.337,-5.584,run03,M1,P4
10.611,-0.241,-6.258,run03,M1,P4
10.711,-0.144,-4.718,run03,M1,P4
10.811,0.09628,-1.974,run03,M1,P4
10.911,0.241,-0.144,run03,M1,P4
11.011,0.481,-0.481,run03,M1,P4
11.111,0.626,-2.503,run03,M1,P4
11.211,0.626,-5.199,run03,M1,P4
11.311,0.337,-6.21,run03,M1,P4
11.411,0.193,-5.054,run03,M1,P4
11.511,-0.241,-2.503,run03,M1,P4
11.612,-0.433,-0.385,run03,M1,P4
11.712,-0.481,-0.241,run03,M1,P4
11.812,-0.53,-1.926,run03,M1,P4
11.912,-0.241,-4.573,run03,M1,P4
12.012,-0.04814,-6.065,run03,M1,P4
12.112,0.337,-5.488,run03,M1,P4
12.212,0.722,-3.129,run03,M1,P4
12.312,0.722,-0.915,run03,M1,P4
12.412,0.674,-0.241,run03,M1,P4
12.512,0.674,-1.54,run03,M1,P4
12.613,0.337,-4.044,run03,M1,P4
12.713,-0.04814,-5.969,run03,M1,P4
12.813,-0.337,-5.68,run03,M1,P4
12.913,-0.481,-3.514,run03,M1,P4
13.013,-0.385,-1.155,run03,M1,P4
13.113,-0.193,-0.09628,run03,M1,P4
13.213,-0.04814,-1.348,run03,M1,P4
13.313,0.144,-3.658,run03,M1,P4
13.413,0.481,-5.873,run03,M1,P4
13.514,0.481,-5.921,run03,M1,P4
13.614,0.481,-4.044,run03,M1,P4
13.714,0.144,-1.589,run03,M1,P4
13.814,0.04814,-0.04814,run03,M1,P4
13.914,-0.193,-0.963,run03,M1,P4
14.014,-0.385,-3.129,run03,M1,P4
14.114,-0.433,-5.343,run03,M1,P4
14.214,-0.241,-6.065,run03,M1,P4
14.314,0.144,-4.477,run03,M1,P4
14.414,0.385,-2.022,run03,M1,P4
14.514,0.481,-0.289,run03,M1,P4
14.615,0.578,-0.385,run03,M1,P4
14.715,0.818,-2.888,run03,M1,P4
14.815,0.578,-5.103,run03,M1,P4
14.915,0.144,-5.825,run03,M1,P4
15.015,-0.241,-4.573,run03,M1,P4
15.115,-0.385,-2.407,run03,M1,P4
15.215,-0.385,-0.674,run03,M1,P4
15.315,-0.337,-0.433,run03,M1,P4
15.415,-0.289,-2.262,run03,M1,P4
15.515,-0.09628,-4.814,run03,M1,P4
15.616,0.289,-6.017,run03,M1,P4
15.716,0.626,-5.199,run03,M1,P4
15.816,0.674,-3.033,run03,M1,P4
15.916,0.626,-0.915,run03,M1,P4
16.016,0.53,-0.53,run03,M1,P4
16.116,0.193,-1.926,run03,M1,P4
16.216,-0.04814,-4.236,run03,M1,P4
16.316,-0.241,-5.777,run03,M1,P4
16.416,-0.241,-5.391,run03,M1,P4
16.517,-0.193,-3.562,run03,M1,P4
16.617,0.0,-1.107,run03,M1,P4
16.717,0.144,-0.385,run03,M1,P4
16.817,0.385,-1.589,run03,M1,P4
16.917,0.578,-3.995,run03,M1,P4
17.017,0.481,-5.632,run03,M1,P4
17.117,0.385,-5.632,run03,M1,P4
17.217,0.0,-3.418,run03,M1,P4
17.317,-0.144,-1.54,run03,M1,P4
17.417,-0.337,-0.433,run03,M1,P4
17.517,-0.337,-1.348,run03,M1,P4
17.618,-0.433,-3.273,run03,M1,P4
17.718,-0.241,-5.44,run03,M1,P4
17.818,0.09628,-5.632,run03,M1,P4
17.918,0.433,-4.14,run03,M1,P4
18.018,0.578,-1.877,run03,M1,P4
18.118,0.578,-0.626,run03,M1,P4
18.218,0.674,-1.059,run03,M1,P4
18.318,0.433,-3.081,run03,M1,P4
18.418,0.289,-5.151,run03,M1,P4
18.518,-0.193,-5.825,run03,M1,P4
18.619,-0.385,-4.381,run03,M1,P4
18.719,-0.337,-2.311,run03,M1,P4
18.819,-0.193,-0.77,run03,M1,P4
18.919,-0.09628,-1.011,run03,M1,P4
19.019,0.09628,-2.696,run03,M1,P4
19.119,0.241,-4.814,run03,M1,P4
19.219,0.53,-5.728,run03,M1,P4
19.319,0.578,-4.718,run03,M1,P4
19.419,0.337,-2.648,run03,M1,P4
19.52,0.193,-0.866,run03,M1,P4
19.62,0.09628,-0.866,run03,M1,P4
19.72,-0.241,-2.359,run03,M1,P4
19.82,-0.337,-4.381,run03,M1,P4
19.92,-0.241,-5.632,run03,M1,P4
20.02,-0.04814,-5.103,run03,M1,P4
20.12,0.193,-2.985,run03,M1,P4
20.22,0.385,-1.252,run03,M1,P4
20.32,0.53,-0.722,run03,M1,P4
20.42,0.53,-1.877,run03,M1,P4
20.52,0.626,-3.947,run03,M1,P4
20.621,0.337,-5.391,run03,M1,P4
20.721,0.09628,-5.199,run03,M1,P4
20.821,-0.337,-3.322,run03,M1,P4
20.921,-0.385,-1.444,run03,M1,P4
21.021,-0.385,-0.722,run03,M1,P4
21.121,-0.241,-1.589,run03,M1,P4
21.221,-0.09628,-3.658,run03,M1,P4
21.321,0.09628,-5.295,run03,M1,P4
21.421,0.433,-5.488,run03,M1,P4
21.521,0.53,-3.755,run03,M1,P4
21.622,0.53,-1.733,run03,M1,P4
21.722,0.337,-0.674,run03,M1,P4
21.822,0.337,-1.155,run03,M1,P4
21.922,0.04814,-3.225,run03,M1,P4
22.022,-0.144,-4.91,run03,M1,P4
22.122,-0.337,-5.295,run03,M1,P4
22.222,-0.241,-4.188,run03,M1,P4
22.322,-0.04814,-2.166,run03,M1,P4
22.422,0.144,-0.722,run03,M1,P4
22.523,0.337,-1.203,run03,M1,P4
22.623,0.433,-2.888,run03,M1,P4
22.723,0.481,-4.718,run03,M1,P4
22.823,0.433,-5.44,run03,M1,P4
22.923,0.193,-4.332,run03,M1,P4
23.023,-0.04814,-2.311,run03,M1,P4
23.123,-0.289,-1.011,run03,M1,P4
23.223,-0.337,-1.011,run03,M1,P4
23.323,-0.337,-2.407,run03,M1,P4
23.423,-0.241,-4.236,run03,M1,P4
23.523,0.0,-5.488,run03,M1,P4
23.624,0.241,-4.718,run03,M1,P4
23.724,0.674,-2.84,run03,M1,P4
23.824,0.674,-1.107,run03,M1,P4
23.924,0.481,-0.818,run03,M1,P4
24.024,0.433,-2.022,run03,M1,P4
24.124,0.241,-3.947,run03,M1,P4
24.224,0.0,-5.295,run03,M1,P4
24.324,-0.144,-4.718,run03,M1,P4
24.424,-0.385,-2.985,run03,M1,P4
24.524,-0.241,-1.252,run03,M1,P4
24.625,-0.04814,-0.626,run03,M1,P4
24.725,0.04814,-1.974,run03,M1,P4
24.825,0.289,-3.803,run03,M1,P4
24.925,0.385,-5.391,run03,M1,P4
25.025,0.385,-5.199,run03,M1,P4
25.125,0.337,-3.995,run03,M1,P4
25.225,0.193,-1.926,run03,M1,P4
25.325,0.04814,-0.77,run03,M1,P4
25.425,-0.144,-1.444,run03,M1,P4
25.526,-0.337,-3.322,run03,M1,P4
25.626,-0.241,-4.862,run03,M1,P4
25.726,-0.241,-5.103,run03,M1,P4
25.826,0.193,-3.899,run03,M1,P4
25.926,0.337,-2.022,run03,M1,P4
26.026,0.433,-0.77,run03,M1,P4
26.126,0.337,-1.492,run03,M1,P4
26.226,0.385,-3.081,run03,M1,P4
26.326,0.289,-4.718,run03,M1,P4
26.426,0.04814,-5.151,run03,M1,P4
26.526,-0.09628,-4.044,run03,M1,P4
26.627,-0.241,-2.407,run03,M1,P4
26.727,-0.241,-1.107,run03,M1,P4
26.827,-0.241,-1.348,run03,M1,P4
26.927,-0.04814,-2.744,run03,M1,P4
27.027,0.04814,-4.621,run03,M1,P4
27.127,0.289,-5.488,run03,M1,P4
27.227,0.433,-4.332,run03,M1,P4
27.327,0.433,-2.744,run03,M1,P4
27.427,0.289,-1.396,run03,M1,P4
27.527,0.144,-1.107,run03,M1,P4
27.628,-0.04814,-2.214,run03,M1,P4
27.728,-0.193,-3.995,run03,M1,P4
27.828,-0.193,-5.103,run03,M1,P4
27.928,-0.193,-4.573,run03,M1,P4
28.028,0.0,-2.84,run03,M1,P4
28.128,0.144,-1.396,run03,M1,P4
28.228,0.289,-0.818,run03,M1,P4
28.328,0.433,-2.07,run03,M1,P4
28.428,0.433,-3.755,run03,M1,P4
28.529,0.385,-5.054,run03,M1,P4
28.629,0.04814,-5.006,run03,M1,P4
28.729,-0.09628,-3.322,run03,M1,P4
28.829,-0.144,-1.685,run03,M1,P4
28.929,-0.241,-1.107,run03,M1,P4
29.029,-0.241,-1.926,run03,M1,P4
29.129,-0.144,-3.514,run03,M1,P4
29.229,0.04814,-4.862,run03,M1,P4
29.329,0.09628,-4.718,run03,M1,P4
29.429,0.385,-3.514,run03,M1,P4
29.529,0.626,-1.926,run03,M1,P4
29.63,0.337,-1.107,run03,M1,P4
29.73,0.289,-1.685,run03,M1,P4
29.83,0.144,-3.37,run03,M1,P4
29.93,-0.04814,-4.766,run03,M1,P4
30.03,-0.241,-4.958,run03,M1,P4
30.13,-0.144,-3.707,run03,M1,P4
30.23,-0.09628,-2.262,run03,M1,P4
30.33,0.0,-1.059,run03,M1,P4
30.43,0.0,-1.396,run03,M1,P4
30.53,0.337,-3.033,run03,M1,P4
30.631,0.289,-4.573,run03,M1,P4
30.731,0.385,-5.103,run03,M1,P4
30.831,0.337,-4.236,run03,M1,P4
30.931,0.144,-2.407,run03,M1,P4
31.031,-0.144,-1.155,run03,M1,P4
31.131,-0.193,-1.348,run03,M1,P4
31.231,-0.193,-2.648,run03,M1,P4
31.331,-0.337,-4.236,run03,M1,P4
31.431,0.0,-5.151,run03,M1,P4
31.532,0.09628,-4.381,run03,M1,P4
31.632,0.385,-2.696,run03,M1,P4
31.732,0.385,-1.685,run03,M1,P4
31.832,0.481,-1.492,run03,M1,P4
31.932,0.385,-2.262,run03,M1,P4
32.032,0.241,-3.899,run03,M1,P4
32.132,0.09628,-4.91,run03,M1,P4
32.232,-0.193,-4.236,run03,M1,P4
32.332,-0.193,-2.936,run03,M1,P4
32.432,-0.193,-1.444,run03,M1,P4
32.532,-0.144,-1.155,run03,M1,P4
32.633,0.04814,-2.118,run03,M1,P4
32.733,0.193,-3.707,run03,M1,P4
32.833,0.241,-4.91,run03,M1,P4
32.933,0.385,-4.91,run03,M1,P4
33.033,0.385,-3.033,run03,M1,P4
33.133,0.144,-1.637,run03,M1,P4
33.233,0.144,-1.203,run03,M1,P4
33.333,-0.144,-2.022,run03,M1,P4
33.433,-0.241,-3.466,run03,M1,P4
33.533,-0.193,-4.669,run03,M1,P4
33.634,0.0,-4.862,run03,M1,P4
33.734,0.09628,-3.707,run03,M1,P4
33.834,0.241,-2.118,run03,M1,P4
33.934,0.337,-1.3,run03,M1,P4
34.034,0.337,-1.54,run03,M1,P4
34.134,0.241,-3.177,run03,M1,P4
34.234,0.289,-4.429,run03,M1,P4
34.334,-0.04814,-4.91,run03,M1,P4
34.434,0.144,-3.562,run03,M1,P4
34.535,-0.04814,-2.262,run03,M1,P4
34.635,-0.193,-1.107,run03,M1,P4
34.735,-0.241,-1.54,run03,M1,P4
34.835,-0.04814,-2.985,run03,M1,P4
0.0,0.12,-0.04808,run04,M1,P6
0.1,0.409,-1.539,run04,M1,P6
0.2,0.601,-4.183,run04,M1,P6
0.3,0.553,-6.154,run04,M1,P6
0.4,0.216,-6.154,run04,M1,P6
0.5,-0.168,-4.519,run04,M1,P6
0.601,-0.409,-1.875,run04,M1,P6
0.701,-0.601,-0.288,run04,M1,P6
0.801,-0.457,-1.058,run04,M1,P6
0.901,-0.505,-3.173,run04,M1,P6
1.001,-0.216,-5.577,run04,M1,P6
1.101,0.168,-6.25,run04,M1,P6
1.201,0.457,-5.144,run04,M1,P6
1.301,0.697,-2.741,run04,M1,P6
1.401,0.168,-0.865,run04,M1,P6
1.502,0.07212,-0.721,run04,M1,P6
1.602,-0.02404,-2.212,run04,M1,P6
1.702,-0.313,-4.375,run04,M1,P6
1.802,-0.264,-6.298,run04,M1,P6
1.902,-0.264,-5.866,run04,M1,P6
2.002,0.07212,-3.846,run04,M1,P6
2.102,0.264,-1.635,run04,M1,P6
2.202,0.264,-0.673,run04,M1,P6
2.302,0.553,-1.442,run04,M1,P6
2.402,0.553,-3.606,run04,M1,P6
2.502,0.457,-5.481,run04,M1,P6
2.603,0.313,-6.01,run04,M1,P6
2.703,0.02404,-4.712,run04,M1,P6
2.803,-0.361,-2.548,run04,M1,P6
2.903,-0.361,-1.058,run04,M1,P6
3.003,-0.409,-1.154,run04,M1,P6
3.103,-0.361,-2.837,run04,M1,P6
3.203,-0.12,-4.952,run04,M1,P6
3.303,0.168,-5.866,run04,M1,P6
3.403,0.505,-5.193,run04,M1,P6
3.503,0.601,-3.125,run04,M1,P6
3.604,0.553,-1.394,run04,M1,P6
3.704,0.12,-0.914,run04,M1,P6
3.804,-0.02404,-2.26,run04,M1,P6
3.904,-0.168,-4.039,run04,M1,P6
4.004,-0.313,-5.625,run04,M1,P6
4.104,-0.264,-5.529,run04,M1,P6
4.204,-0.12,-4.135,run04,M1,P6
4.304,0.12,-2.115,run04,M1,P6
4.404,0.216,-1.25,run04,M1,P6
4.505,0.409,-1.539,run04,M1,P6
4.605,0.553,-3.173,run04,M1,P6
4.705,0.409,-5.048,run04,M1,P6
4.805,0.313,-5.337,run04,M1,P6
4.905,0.07212,-4.423,run04,M1,P6
5.005,-0.216,-2.644,run04,M1,P6
5.105,-0.457,-1.346,run04,M1,P6
5.205,-0.457,-1.298,run04,M1,P6
5.305,-0.409,-2.692,run04,M1,P6
5.405,-0.216,-4.568,run04,M1,P6
5.505,0.02404,-5.625,run04,M1,P6
5.606,0.361,-5.144,run04,M1,P6
5.706,0.553,-3.798,run04,M1,P6
5.806,0.553,-1.779,run04,M1,P6
5.906,0.457,-1.298,run04,M1,P6
6.006,0.12,-2.067,run04,M1,P6
6.106,-0.02404,-3.558,run04,M1,P6
6.206,-0.264,-5.144,run04,M1,P6
6.306,-0.313,-5.289,run04,M1,P6
6.406,-0.264,-4.279,run04,M1,P6
6.506,-0.12,-2.5,run04,M1,P6
6.607,0.07212,-1.49,run04,M1,P6
6.707,0.264,-1.779,run04,M1,P6
6.807,0.457,-3.221,run04,M1,P6
6.907,0.505,-4.76,run04,M1,P6
7.007,0.457,-5.337,run04,M1,P6
7.107,0.313,-4.712,run04,M1,P6
7.207,-0.07212,-3.125,run04,M1,P6
7.307,-0.168,-1.779,run04,M1,P6
7.407,-0.409,-1.539,run04,M1,P6
7.508,-0.505,-2.596,run04,M1,P6
7.608,-0.361,-3.943,run04,M1,P6
7.708,-0.168,-5.241,run04,M1,P6
7.808,0.264,-5.048,run04,M1,P6
7.908,0.457,-3.75,run04,M1,P6
8.008,0.553,-2.356,run04,M1,P6
8.108,0.553,-1.539,run04,M1,P6
8.208,0.457,-2.212,run04,M1,P6
8.308,0.168,-3.558,run04,M1,P6
8.408,-0.12,-4.904,run04,M1,P6
8.508,-0.361,-4.952,run04,M1,P6
8.609,-0.361,-4.183,run04,M1,P6
8.709,-0.361,-2.837,run04,M1,P6
8.809,-0.216,-1.731,run04,M1,P6
8.909,0.02404,-2.019,run04,M1,P6
9.009,0.313,-3.125,run04,M1,P6
9.109,0.553,-4.76,run04,M1,P6
9.209,0.601,-5.144,run04,M1,P6
9.309,0.409,-4.375,run04,M1,P6
9.409,0.168,-3.269,run04,M1,P6
9.509,-0.168,-1.923,run04,M1,P6
9.61,-0.168,-1.587,run04,M1,P6
9.71,-0.361,-2.692,run04,M1,P6
9.81,-0.361,-3.991,run04,M1,P6
9.91,-0.361,-4.76,run04,M1,P6
10.01,-0.07212,-5.048,run04,M1,P6
10.11,0.168,-3.991,run04,M1,P6
10.21,0.601,-2.5,run04,M1,P6
10.31,0.505,-1.827,run04,M1,P6
10.41,0.505,-2.212,run04,M1,P6
10.511,0.505,-3.462,run04,M1,P6
10.611,0.168,-4.616,run04,M1,P6
10.711,-0.168,-5.0,run04,M1,P6
10.811,-0.361,-4.279,run04,M1,P6
10.911,-0.313,-2.741,run04,M1,P6
11.011,-0.12,-2.115,run04,M1,P6
11.111,-0.12,-2.019,run04,M1,P6
11.211,-0.07212,-2.981,run04,M1,P6
11.311,0.216,-4.375,run04,M1,P6
11.411,0.361,-4.904,run04,M1,P6
11.511,0.457,-4.616,run04,M1,P6
11.612,0.409,-3.414,run04,M1,P6
11.712,0.168,-2.115,run04,M1,P6
11.812,0.02404,-1.683,run04,M1,P6
11.912,-0.264,-2.308,run04,M1,P6
12.012,-0.361,-3.558,run04,M1,P6
12.112,-0.313,-4.664,run04,M1,P6
12.212,-0.216,-4.712,run04,M1,P6
12.312,0.12,-3.798,run04,M1,P6
12.412,0.361,-2.596,run04,M1,P6
12.512,0.505,-1.923,run04,M1,P6
12.613,0.601,-2.019,run04,M1,P6
12.713,0.601,-3.269,run04,M1,P6
12.813,0.216,-4.231,run04,M1,P6
12.913,-0.02404,-4.568,run04,M1,P6
13.013,-0.264,-4.135,run04,M1,P6
13.113,-0.409,-2.933,run04,M1,P6
13.213,-0.361,-2.164,run04,M1,P6
13.313,-0.264,-1.971,run04,M1,P6
13.413,-0.168,-2.741,run04,M1,P6
13.514,0.216,-4.087,run04,M1,P6
13.614,0.457,-4.856,run04,M1,P6
13.714,0.649,-4.519,run04,M1,P6
13.814,0.649,-3.414,run04,M1,P6
13.914,0.216,-2.356,run04,M1,P6
14.014,0.02404,-1.971,run04,M1,P6
14.114,-0.168,-2.5,run04,M1,P6
14.214,-0.313,-3.558,run04,M1,P6
14.314,-0.361,-4.471,run04,M1,P6
14.414,-0.361,-4.471,run04,M1,P6
14.514,-0.07212,-4.039,run04,M1,P6
14.615,0.168,-2.789,run04,M1,P6
14.715,0.505,-2.115,run04,M1,P6
14.815,0.553,-2.26,run04,M1,P6
14.915,0.553,-3.269,run04,M1,P6
15.015,0.457,-4.279,run04,M1,P6
15.115,0.12,-4.712,run04,M1,P6
15.215,-0.12,-4.183,run04,M1,P6
15.315,-0.313,-2.981,run04,M1,P6
15.415,-0.409,-2.212,run04,M1,P6
15.515,-0.409,-2.019,run04,M1,P6
15.616,-0.168,-2.933,run04,M1,P6
15.716,0.02404,-3.991,run04,M1,P6
15.816,0.168,-4.76,run04,M1,P6
15.916,0.505,-4.519,run04,M1,P6
16.016,0.553,-3.51,run04,M1,P6
16.116,0.457,-2.404,run04,M1,P6
16.216,0.264,-2.164,run04,M1,P6
16.316,0.07212,-2.548,run04,M1,P6
16.416,-0.168,-3.414,run04,M1,P6
16.517,-0.505,-4.327,run04,M1,P6
16.617,-0.361,-4.76,run04,M1,P6
16.717,0.02404,-3.943,run04,M1,P6
16.817,0.07212,-3.029,run04,M1,P6
16.917,0.168,-2.308,run04,M1,P6
17.017,0.457,-2.452,run04,M1,P6
17.117,0.505,-3.221,run04,M1,P6
17.217,0.457,-4.135,run04,M1,P6
17.317,0.313,-4.616,run04,M1,P6
17.417,-0.02404,-3.991,run04,M1,P6
17.517,-0.264,-3.173,run04,M1,P6
17.618,-0.264,-2.548,run04,M1,P6
17.718,-0.313,-2.356,run04,M1,P6
17.818,-0.457,-2.837,run04,M1,P6
17.918,-0.168,-3.798,run04,M1,P6
18.018,0.02404,-4.423,run04,M1,P6
18.118,0.457,-4.423,run04,M1,P6
18.218,0.505,-3.846,run04,M1,P6
18.318,0.553,-3.077,run04,M1,P6
18.418,0.409,-2.356,run04,M1,P6
18.518,0.12,-2.548,run04,M1,P6
18.619,-0.12,-3.462,run04,M1,P6
18.719,-0.168,-4.135,run04,M1,P6
18.819,-0.361,-4.327,run04,M1,P6
18.919,-0.313,-3.75,run04,M1,P6
19.019,-0.07212,-3.077,run04,M1,P6
19.119,0.07212,-2.452,run04,M1,P6
19.219,0.313,-2.452,run04,M1,P6
19.319,0.409,-3.173,run04,M1,P6
19.419,0.457,-4.039,run04,M1,P6
19.52,0.457,-4.519,run04,M1,P6
19.62,0.313,-4.375,run04,M1,P6
19.72,-0.02404,-3.173,run04,M1,P6
19.82,-0.264,-2.5,run04,M1,P6
19.92,-0.457,-2.452,run04,M1,P6
20.02,-0.264,-3.029,run04,M1,P6
20.12,-0.216,-3.606,run04,M1,P6
20.22,-0.02404,-4.279,run04,M1,P6
20.32,0.216,-4.327,run04,M1,P6
20.42,0.457,-3.606,run04,M1,P6
20.52,0.536,-2.859,run04,M1,P6
20.621,0.447,-2.368,run04,M1,P6
20.721,0.313,-2.636,run04,M1,P6
20.821,0.08935,-3.351,run04,M1,P6
20.921,-0.08935,-4.021,run04,M1,P6
21.021,-0.268,-4.244,run04,M1,P6
21.121,-0.313,-3.797,run04,M1,P6
21.221,-0.223,-2.993,run04,M1,P6
21.321,0.0,-2.457,run04,M1,P6
21.421,0.0,-2.457,run04,M1,P6
21.521,0.357,-3.127,run04,M1,P6
21.622,0.357,-3.887,run04,M1,P6
21.722,0.491,-4.378,run04,M1,P6
21.822,0.491,-4.065,run04,M1,P6
21.922,0.134,-3.395,run04,M1,P6
22.022,-0.04467,-2.591,run04,M1,P6
22.122,-0.223,-2.412,run04,M1,P6
22.222,-0.357,-2.725,run04,M1,P6
22.322,-0.357,-3.529,run04,M1,P6
22.422,-0.179,-4.065,run04,M1,P6
22.523,0.134,-4.199,run04,M1,P6
22.623,0.402,-3.663,run04,M1,P6
22.723,0.491,-3.082,run04,M1,P6
22.823,0.402,-2.546,run04,M1,P6
22.923,0.402,-2.814,run04,M1,P6
23.023,0.313,-3.395,run04,M1,P6
23.123,-0.08935,-4.155,run04,M1,P6
23.223,-0.268,-4.289,run04,M1,P6
23.323,-0.357,-3.842,run04,M1,P6
23.423,-0.313,-3.082,run04,M1,P6
23.523,-0.179,-2.591,run04,M1,P6
23.624,-0.08935,-2.591,run04,M1,P6
23.724,0.223,-2.948,run04,M1,P6
23.824,0.447,-3.842,run04,M1,P6
23.924,0.447,-4.333,run04,M1,P6
24.024,0.313,-3.976,run04,M1,P6
24.124,0.179,-3.663,run04,M1,P6
24.224,-0.04467,-2.77,run04,M1,P6
24.324,-0.134,-2.591,run04,M1,P6
24.424,-0.223,-2.993,run04,M1,P6
24.524,-0.357,-3.529,run04,M1,P6
24.625,-0.313,-4.065,run04,M1,P6
24.725,-0.04467,-4.199,run04,M1,P6
24.825,0.223,-3.753,run04,M1,P6
24.925,0.357,-2.904,run04,M1,P6
25.025,0.447,-2.546,run04,M1,P6
25.125,0.402,-2.77,run04,M1,P6
25.225,0.313,-3.395,run04,M1,P6
25.325,0.04467,-4.065,run04,M1,P6
25.425,-0.134,-4.244,run04,M1,P6
25.526,-0.179,-3.842,run04,M1,P6
25.626,-0.357,-3.217,run04,M1,P6
25.726,-0.179,-2.725,run04,M1,P6
25.826,0.0,-2.457,run04,M1,P6
25.926,0.0,-3.038,run04,M1,P6
26.026,0.179,-3.797,run04,M1,P6
26.126,0.402,-4.199,run04,M1,P6
26.226,0.402,-4.11,run04,M1,P6
26.326,0.402,-3.485,run04,M1,P6
26.426,0.08935,-2.77,run04,M1,P6
26.526,-0.08935,-2.636,run04,M1,P6
26.627,-0.08935,-2.725,run04,M1,P6
26.727,-0.357,-3.44,run04,M1,P6
26.827,-0.268,-3.931,run04,M1,P6
26.927,-0.08935,-4.065,run04,M1,P6
27.027,0.04467,-3.529,run04,M1,P6
27.127,0.268,-2.993,run04,M1,P6
27.227,0.447,-2.502,run04,M1,P6
27.327,0.402,-2.725,run04,M1,P6
27.427,0.357,-3.261,run04,M1,P6
27.527,0.268,-3.931,run04,M1,P6
27.628,0.0,-4.065,run04,M1,P6
27.728,-0.134,-3.842,run04,M1,P6
27.828,-0.223,-3.217,run04,M1,P6
27.928,-0.179,-2.591,run04,M1,P6
28.028,-0.179,-2.636,run04,M1,P6
28.128,-0.04467,-2.993,run04,M1,P6
28.228,0.08935,-3.529,run04,M1,P6
28.328,0.223,-3.976,run04,M1,P6
28.428,0.313,-4.065,run04,M1,P6
28.529,0.268,-3.663,run04,M1,P6
28.629,0.268,-2.948,run04,M1,P6
28.729,0.179,-2.546,run04,M1,P6
28.829,-0.04467,-2.814,run04,M1,P6
28.929,-0.134,-3.44,run04,M1,P6
29.029,-0.179,-3.887,run04,M1,P6
29.129,-0.179,-3.931,run04,M1,P6
29.229,0.04467,-3.663,run04,M1,P6
29.329,0.268,-3.038,run04,M1,P6
29.429,0.357,-2.502,run04,M1,P6
29.529,0.313,-2.636,run04,M1,P6
29.63,0.313,-3.082,run04,M1,P6
29.73,0.268,-3.663,run04,M1,P6
29.83,0.134,-3.976,run04,M1,P6
29.93,0.04467,-3.797,run04,M1,P6
30.03,-0.179,-3.127,run04,M1,P6
30.13,-0.179,-2.725,run04,M1,P6
30.23,-0.179,-2.591,run04,M1,P6
30.33,-0.134,-2.948,run04,M1,P6
30.43,-0.04467,-3.485,run04,M1,P6
30.53,0.08935,-3.797,run04,M1,P6
30.631,0.179,-3.842,run04,M1,P6
30.731,0.357,-3.485,run04,M1,P6
30.831,0.357,-2.948,run04,M1,P6
30.931,0.268,-2.77,run04,M1,P6
31.031,0.04467,-2.948,run04,M1,P6
31.131,-0.134,-3.351,run04,M1,P6
31.231,-0.223,-3.753,run04,M1,P6
31.331,-0.134,-4.11,run04,M1,P6
31.431,-0.08935,-3.574,run04,M1,P6
31.532,0.0,-3.127,run04,M1,P6
31.632,0.223,-2.77,run04,M1,P6
31.732,0.223,-2.725,run04,M1,P6
31.832,0.223,-3.127,run04,M1,P6
31.932,0.313,-3.797,run04,M1,P6
32.032,0.179,-4.065,run04,M1,P6
32.132,0.0,-3.887,run04,M1,P6
32.232,-0.08935,-3.395,run04,M1,P6
32.332,-0.179,-2.859,run04,M1,P6
32.432,-0.179,-2.636,run04,M1,P6
32.532,-0.179,-2.993,run04,M1,P6
32.633,-0.08935,-3.619,run04,M1,P6
32.733,0.0,-3.976,run04,M1,P6
32.833,0.179,-3.842,run04,M1,P6
32.933,0.402,-3.619,run04,M1,P6
33.033,0.223,-2.993,run04,M1,P6
33.133,0.179,-2.725,run04,M1,P6
33.233,0.08935,-3.082,run04,M1,P6
33.333,0.04467,-3.395,run04,M1,P6
33.433,-0.08935,-3.797,run04,M1,P6
33.533,-0.179,-4.021,run04,M1,P6
33.634,-0.08935,-3.708,run04,M1,P6
33.734,0.08935,-3.172,run04,M1,P6
33.834,0.04467,-2.814,run04,M1,P6
33.934,0.08935,-2.725,run04,M1,P6
34.034,0.179,-3.127,run04,M1,P6
34.134,0.313,-3.619,run04,M1,P6
34.234,0.179,-3.931,run04,M1,P6
34.334,0.179,-3.931,run04,M1,P6
34.434,0.08935,-3.485,run04,M1,P6
34.535,-0.08935,-2.948,run04,M1,P6
34.635,-0.134,-2.814,run04,M1,P6
34.735,-0.08935,-3.127,run04,M1,P6
34.835,-0.04467,-3.44,run04,M1,P6
0.0,0.529,-6.203,run05,M1,P0
0.1,0.433,-6.011,run05,M1,P0
0.2,-0.02234,-3.53,run05,M1,P0
0.3,-0.201,-0.447,run05,M1,P0
0.4,-0.29,0.67,run05,M1,P0
0.5,-0.514,-0.804,run05,M1,P0
0.601,-0.38,-4.111,run05,M1,P0
0.701,-0.29,-6.3,run05,M1,P0
0.801,0.29,-6.211,run05,M1,P0
0.901,0.648,-3.619,run05,M1,P0
1.001,0.737,-0.447,run05,M1,P0
1.101,0.782,0.715,run05,M1,P0
1.201,0.737,-0.626,run05,M1,P0
1.301,0.693,-3.485,run05,M1,P0
1.401,0.469,-6.032,run05,M1,P0
1.502,-0.112,-6.211,run05,M1,P0
1.602,-0.424,-4.111,run05,M1,P0
1.702,-0.559,-0.849,run05,M1,P0
1.802,-0.514,0.715,run05,M1,P0
1.902,-0.469,-0.491,run05,M1,P0
2.002,-0.29,-3.53,run05,M1,P0
2.102,0.112,-6.121,run05,M1,P0
2.202,0.469,-6.211,run05,M1,P0
2.302,0.782,-4.2,run05,M1,P0
2.402,0.693,-1.072,run05,M1,P0
2.502,0.648,0.581,run05,M1,P0
2.603,0.38,-0.357,run05,M1,P0
2.703,0.201,-3.306,run05,M1,P0
2.803,-0.06702,-5.943,run05,M1,P0
2.903,-0.29,-6.523,run05,M1,P0
3.003,-0.246,-4.379,run05,M1,P0
3.103,-0.112,-1.206,run05,M1,P0
3.203,0.06702,0.581,run05,M1,P0
3.303,0.112,-0.313,run05,M1,P0
3.403,0.469,-3.306,run05,M1,P0
3.503,0.424,-5.898,run05,M1,P0
3.604,0.38,-6.255,run05,M1,P0
3.704,0.201,-4.245,run05,M1,P0
3.804,-0.02234,-1.072,run05,M1,P0
3.904,-0.112,0.536,run05,M1,P0
4.004,-0.29,-0.402,run05,M1,P0
4.104,-0.469,-3.262,run05,M1,P0
4.204,-0.38,-5.943,run05,M1,P0
4.304,-0.156,-6.389,run05,M1,P0
4.404,0.38,-4.647,run05,M1,P0
4.505,0.469,-1.385,run05,M1,P0
4.605,0.559,0.581,run05,M1,P0
4.705,0.559,-0.223,run05,M1,P0
4.805,0.603,-2.994,run05,M1,P0
4.905,0.514,-5.54,run05,M1,P0
5.005,0.112,-6.345,run05,M1,P0
5.105,-0.29,-4.557,run05,M1,P0
5.205,-0.424,-1.117,run05,M1,P0
5.305,-0.38,0.626,run05,M1,P0
5.405,-0.424,-0.179,run05,M1,P0
5.505,-0.246,-2.904,run05,M1,P0
5.606,-0.112,-5.63,run05,M1,P0
5.706,0.29,-6.389,run05,M1,P0
5.806,0.648,-4.647,run05,M1,P0
5.906,0.648,-1.787,run05,M1,P0
6.006,0.648,0.447,run05,M1,P0
6.106,0.469,-0.04468,run05,M1,P0
6.206,0.335,-2.77,run05,M1,P0
6.306,0.06702,-5.406,run05,M1,P0
6.406,-0.201,-6.389,run05,M1,P0
6.506,-0.246,-4.781,run05,M1,P0
6.607,-0.29,-1.787,run05,M1,P0
6.707,-0.02234,0.313,run05,M1,P0
6.807,0.02234,-0.223,run05,M1,P0
6.907,0.246,-2.636,run05,M1,P0
7.007,0.335,-5.496,run05,M1,P0
7.107,0.424,-6.255,run05,M1,P0
7.207,0.38,-4.781,run05,M1,P0
7.307,0.156,-1.787,run05,M1,P0
7.407,0.112,0.357,run05,M1,P0
7.508,-0.112,0.04468,run05,M1,P0
7.608,-0.201,-2.591,run05,M1,P0
7.708,-0.29,-5.54,run05,M1,P0
7.808,-0.06702,-6.389,run05,M1,P0
7.908,0.201,-4.915,run05,M1,P0
8.008,0.469,-1.921,run05,M1,P0
8.108,0.469,0.268,run05,M1,P0
8.208,0.648,-0.08936,run05,M1,P0
8.308,0.693,-2.502,run05,M1,P0
8.408,0.603,-5.272,run05,M1,P0
8.508,0.06702,-6.3,run05,M1,P0
8.609,-0.201,-4.826,run05,M1,P0
8.709,-0.469,-2.1,run05,M1,P0
8.809,-0.469,0.313,run05,M1,P0
8.909,-0.38,0.0,run05,M1,P0
9.009,-0.335,-2.457,run05,M1,P0
9.109,-0.112,-5.451,run05,M1,P0
9.209,0.201,-6.211,run05,M1,P0
9.309,0.559,-4.87,run05,M1,P0
9.409,0.648,-2.145,run05,M1,P0
9.509,0.648,0.223,run05,M1,P0
9.61,0.514,0.0,run05,M1,P0
9.71,0.38,-2.279,run05,M1,P0
9.81,0.156,-5.004,run05,M1,P0
9.91,-0.02234,-6.345,run05,M1,P0
10.01,-0.29,-5.094,run05,M1,P0
10.11,-0.246,-2.323,run05,M1,P0
10.21,-0.112,0.134,run05,M1,P0
10.31,0.156,0.08936,run05,M1,P0
10.41,0.156,-2.189,run05,M1,P0
10.511,0.246,-4.915,run05,M1,P0
10.611,0.38,-6.166,run05,M1,P0
10.711,0.424,-5.049,run05,M1,P0
10.811,0.246,-2.189,run05,M1,P0
10.911,0.112,-0.04468,run05,M1,P0
11.011,-0.112,0.313,run05,M1,P0
11.111,-0.112,-2.1,run05,M1,P0
11.211,-0.156,-4.87,run05,M1,P0
11.311,-0.156,-6.389,run05,M1,P0
11.411,0.112,-5.138,run05,M1,P0
11.511,0.335,-2.547,run05,M1,P0
11.612,0.469,0.08936,run05,M1,P0
11.712,0.469,0.134,run05,M1,P0
11.812,0.469,-1.921,run05,M1,P0
11.912,0.603,-4.647,run05,M1,P0
12.012,0.201,-6.166,run05,M1,P0
12.112,-0.02234,-5.094,run05,M1,P0
12.212,-0.335,-2.547,run05,M1,P0
12.312,-0.38,0.0,run05,M1,P0
12.412,-0.424,0.134,run05,M1,P0
12.512,-0.335,-1.921,run05,M1,P0
12.613,-0.112,-4.647,run05,M1,P0
12.713,0.201,-6.166,run05,M1,P0
12.813,0.559,-5.317,run05,M1,P0
12.913,0.737,-2.591,run05,M1,P0
13.013,0.559,-0.04468,run05,M1,P0
13.113,0.514,0.313,run05,M1,P0
13.213,0.469,-1.921,run05,M1,P0
13.313,0.201,-4.557,run05,M1,P0
13.413,-0.02234,-6.077,run05,M1,P0
13.514,-0.29,-5.183,run05,M1,P0
13.614,-0.201,-2.726,run05,M1,P0
13.714,-0.201,0.0,run05,M1,P0
13.814,-0.06702,0.268,run05,M1,P0
13.914,0.112,-1.653,run05,M1,P0
14.014,0.29,-4.513,run05,M1,P0
14.114,0.514,-6.255,run05,M1,P0
14.214,0.514,-5.228,run05,M1,P0
14.314,0.335,-2.726,run05,M1,P0
14.414,0.112,-0.134,run05,M1,P0
14.514,-0.02234,0.402,run05,M1,P0
14.615,-0.06702,-1.653,run05,M1,P0
14.715,-0.112,-4.468,run05,M1,P0
14.815,-0.156,-6.121,run05,M1,P0
14.915,0.06702,-5.317,run05,M1,P0
15.015,0.29,-2.904,run05,M1,P0
15.115,0.335,-0.223,run05,M1,P0
15.215,0.469,0.179,run05,M1,P0
15.315,0.603,-1.564,run05,M1,P0
15.415,0.603,-4.468,run05,M1,P0
15.515,0.06702,-6.121,run05,M1,P0
15.616,0.02234,-5.362,run05,M1,P0
15.716,-0.246,-2.994,run05,M1,P0
15.816,-0.335,-0.313,run05,M1,P0
15.916,-0.335,0.223,run05,M1,P0
16.016,-0.246,-1.385,run05,M1,P0
16.116,-0.06702,-4.334,run05,M1,P0
16.216,0.112,-6.077,run05,M1,P0
16.316,0.335,-5.406,run05,M1,P0
16.416,0.648,-3.083,run05,M1,P0
16.517,0.559,-0.447,run05,M1,P0
16.617,0.559,0.357,run05,M1,P0
16.717,0.424,-1.34,run05,M1,P0
16.817,0.246,-4.2,run05,M1,P0
16.917,-0.02234,-5.987,run05,M1,P0
17.017,-0.201,-5.451,run05,M1,P0
17.117,-0.201,-3.038,run05,M1,P0
17.217,-0.112,-0.581,run05,M1,P0
17.317,-0.06702,0.268,run05,M1,P0
17.417,0.02234,-1.34,run05,M1,P0
17.517,0.246,-4.066,run05,M1,P0
17.618,0.335,-5.898,run05,M1,P0
17.718,0.424,-5.451,run05,M1,P0
17.818,0.335,-3.172,run05,M1,P0
17.918,0.112,-0.447,run05,M1,P0
18.018,0.06702,0.313,run05,M1,P0
18.118,-0.112,-1.251,run05,M1,P0
18.218,-0.246,-4.021,run05,M1,P0
18.318,-0.112,-5.898,run05,M1,P0
18.418,-0.06702,-5.585,run05,M1,P0
18.518,0.246,-3.172,run05,M1,P0
18.619,0.469,-0.581,run05,M1,P0
18.719,0.469,0.223,run05,M1,P0
18.819,0.514,-1.296,run05,M1,P0
18.919,0.514,-3.932,run05,M1,P0
19.019,0.29,-5.809,run05,M1,P0
19.119,0.201,-5.63,run05,M1,P0
19.219,-0.112,-3.396,run05,M1,P0
19.319,-0.246,-0.715,run05,M1,P0
19.419,-0.246,0.402,run05,M1,P0
19.52,-0.246,-0.894,run05,M1,P0
19.62,-0.201,-3.932,run05,M1,P0
19.72,0.02234,-5.853,run05,M1,P0
19.82,0.335,-5.585,run05,M1,P0
19.92,0.603,-3.664,run05,M1,P0
20.02,0.648,-0.804,run05,M1,P0
20.12,0.559,0.357,run05,M1,P0
20.22,0.38,-0.983,run05,M1,P0
20.32,0.246,-3.843,run05,M1,P0
20.42,0.06702,-5.764,run05,M1,P0
20.52,-0.06702,-5.674,run05,M1,P0
20.621,-0.156,-3.53,run05,M1,P0
20.721,-0.06702,-0.849,run05,M1,P0
20.821,0.02234,0.313,run05,M1,P0
20.921,0.06702,-1.072,run05,M1,P0
21.021,0.29,-3.753,run05,M1,P0
21.121,0.201,-5.809,run05,M1,P0
21.221,0.335,-5.674,run05,M1,P0
21.321,0.335,-3.306,run05,M1,P0
21.421,0.06702,-0.849,run05,M1,P0
21.521,0.02234,0.357,run05,M1,P0
21.622,-0.112,-0.894,run05,M1,P0
21.722,-0.246,-3.753,run05,M1,P0
21.822,-0.112,-5.764,run05,M1,P0
21.922,0.02234,-5.63,run05,M1,P0
22.022,0.29,-3.709,run05,M1,P0
22.122,0.29,-0.804,run05,M1,P0
22.222,0.38,0.313,run05,M1,P0
22.322,0.603,-0.849,run05,M1,P0
22.422,0.648,-3.753,run05,M1,P0
22.523,0.38,-5.63,run05,M1,P0
22.623,0.02234,-5.674,run05,M1,P0
22.723,-0.112,-3.664,run05,M1,P0
22.823,-0.246,-0.938,run05,M1,P0
22.923,-0.156,0.313,run05,M1,P0
23.023,-0.201,-0.894,run05,M1,P0
23.123,-0.112,-3.485,run05,M1,P0
23.223,0.112,-5.585,run05,M1,P0
23.323,0.335,-5.496,run05,M1,P0
23.423,0.648,-3.887,run05,M1,P0
23.523,0.38,-0.983,run05,M1,P0
23.624,0.469,0.268,run05,M1,P0
23.724,0.335,-0.76,run05,M1,P0
23.824,0.201,-3.485,run05,M1,P0
23.924,0.02234,-5.585,run05,M1,P0
24.024,-0.02234,-5.719,run05,M1,P0
24.124,-0.02234,-3.843,run05,M1,P0
24.224,-0.06702,-1.072,run05,M1,P0
24.324,0.156,0.223,run05,M1,P0
24.424,0.112,-0.715,run05,M1,P0
24.524,0.201,-3.351,run05,M1,P0
24.625,0.424,-5.585,run05,M1,P0
24.725,0.424,-5.853,run05,M1,P0
24.825,0.335,-4.021,run05,M1,P0
24.925,0.06702,-1.385,run05,M1,P0
25.025,0.06702,0.179,run05,M1,P0
25.125,-0.06702,-0.67,run05,M1,P0
25.225,-0.201,-3.351,run05,M1,P0
25.325,-0.201,-5.674,run05,M1,P0
25.425,-0.112,-5.853,run05,M1,P0
25.526,0.29,-4.155,run05,M1,P0
25.626,0.38,-1.385,run05,M1,P0
25.726,0.469,0.134,run05,M1,P0
25.826,0.469,-0.67,run05,M1,P0
25.926,0.514,-3.306,run05,M1,P0
26.026,0.335,-5.63,run05,M1,P0
26.126,0.156,-5.943,run05,M1,P0
26.226,-0.112,-3.977,run05,M1,P0
26.326,-0.246,-1.251,run05,M1,P0
26.426,-0.112,0.268,run05,M1,P0
26.526,-0.246,-0.67,run05,M1,P0
26.627,-0.112,-3.083,run05,M1,P0
26.727,0.112,-5.451,run05,M1,P0
26.827,0.246,-5.853,run05,M1,P0
26.927,0.469,-4.2,run05,M1,P0
27.027,0.469,-1.34,run05,M1,P0
27.127,0.38,0.179,run05,M1,P0
27.227,0.335,-0.626,run05,M1,P0
27.327,0.201,-3.128,run05,M1,P0
27.427,0.156,-5.406,run05,M1,P0
27.527,-0.06702,-5.853,run05,M1,P0
27.628,-0.06702,-4.155,run05,M1,P0
27.728,-0.02234,-1.519,run05,M1,P0
27.828,0.112,0.08936,run05,M1,P0
27.928,0.156,-0.626,run05,M1,P0
28.028,0.246,-2.994,run05,M1,P0
28.128,0.29,-5.272,run05,M1,P0
28.228,0.335,-5.764,run05,M1,P0
28.328,0.335,-4.334,run05,M1,P0
28.428,0.06702,-1.653,run05,M1,P0
28.529,0.02234,0.08936,run05,M1,P0
28.629,-0.112,-0.491,run05,M1,P0
28.729,-0.06702,-2.994,run05,M1,P0
28.829,-0.06702,-5.362,run05,M1,P0
28.929,0.06702,-5.898,run05,M1,P0
29.029,0.38,-4.245,run05,M1,P0
29.129,0.29,-1.564,run05,M1,P0
29.229,0.514,0.08936,run05,M1,P0
29.329,0.424,-0.447,run05,M1,P0
29.429,0.38,-2.949,run05,M1,P0
29.529,0.29,-5.183,run05,M1,P0
29.63,-0.02234,-5.943,run05,M1,P0
29.73,-0.112,-4.423,run05,M1,P0
29.83,-0.201,-1.743,run05,M1,P0
29.93,-0.112,-0.08936,run05,M1,P0
30.03,-0.112,-0.447,run05,M1,P0
30.13,-0.02234,-2.77,run05,M1,P0
30.23,0.156,-5.183,run05,M1,P0
30.33,0.38,-6.032,run05,M1,P0
30.43,0.424,-4.513,run05,M1,P0
30.53,0.424,-1.966,run05,M1,P0
30.631,0.29,0.04468,run05,M1,P0
30.731,0.156,-0.447,run05,M1,P0
30.831,0.156,-2.726,run05,M1,P0
30.931,0.06702,-5.228,run05,M1,P0
31.031,-0.02234,-5.987,run05,M1,P0
31.131,-0.02234,-4.334,run05,M1,P0
31.231,0.112,-1.966,run05,M1,P0
31.331,0.201,-0.179,run05,M1,P0
31.431,0.112,-0.402,run05,M1,P0
31.532,0.335,-2.726,run05,M1,P0
31.632,0.335,-4.96,run05,M1,P0
31.732,0.335,-5.809,run05,M1,P0
31.832,0.201,-4.468,run05,M1,P0
31.932,0.02234,-1.877,run05,M1,P0
32.032,-0.06702,0.0,run05,M1,P0
32.132,-0.156,-0.402,run05,M1,P0
32.232,-0.112,-2.547,run05,M1,P0
32.332,-0.112,-5.049,run05,M1,P0
32.432,0.02234,-5.853,run05,M1,P0
32.532,0.29,-4.647,run05,M1,P0
32.633,0.29,-2.189,run05,M1,P0
32.733,0.469,-0.268,run05,M1,P0
32.833,0.469,-0.357,run05,M1,P0
32.933,0.38,-2.234,run05,M1,P0
33.033,0.201,-4.915,run05,M1,P0
33.133,0.02234,-5.898,run05,M1,P0
33.233,0.02234,-4.647,run05,M1,P0
33.333,-0.156,-1.966,run05,M1,P0
33.433,-0.112,-0.134,run05,M1,P0
33.533,-0.112,-0.402,run05,M1,P0
33.634,0.02234,-2.636,run05,M1,P0
33.734,0.246,-4.781,run05,M1,P0
33.834,0.29,-5.719,run05,M1,P0
33.934,0.424,-4.826,run05,M1,P0
34.034,0.246,-2.413,run05,M1,P0
34.134,0.112,0.04468,run05,M1,P0
34.234,0.112,-0.402,run05,M1,P0
34.334,0.112,-2.413,run05,M1,P0
34.434,0.112,-4.736,run05,M1,P0
34.535,0.02234,-5.987,run05,M1,P0
34.635,0.112,-4.513,run05,M1,P0
34.735,-0.02234,-2.189,run05,M1,P0
34.835,0.201,-0.179,run05,M1,P0
0.0,-0.581,-7.693,run06,M2,P0
0.1,-0.537,-6.977,run06,M2,P0
0.2,-0.492,-4.741,run06,M2,P0
0.3,-0.492,-2.147,run06,M2,P0
0.4,-0.403,-1.163,run06,M2,P0
0.5,-0.313,-1.61,run06,M2,P0
0.601,-0.134,-3.712,run06,M2,P0
0.701,-0.08945,-6.083,run06,M2,P0
0.801,-0.224,-7.29,run06,M2,P0
0.901,-0.268,-6.619,run06,M2,P0
1.001,-0.268,-4.473,run06,M2,P0
1.101,-0.626,-1.744,run06,M2,P0
1.201,-0.716,-1.029,run06,M2,P0
1.301,-0.805,-2.057,run06,M2,P0
1.401,-0.76,-4.249,run06,M2,P0
1.502,-0.581,-6.485,run06,M2,P0
1.602,-0.447,-7.38,run06,M2,P0
1.702,-0.134,-6.396,run06,M2,P0
1.802,0.04473,-4.07,run06,M2,P0
1.902,0.134,-2.102,run06,M2,P0
2.002,0.04473,-1.163,run06,M2,P0
2.102,-0.134,-1.968,run06,M2,P0
2.202,-0.403,-4.07,run06,M2,P0
2.302,-0.581,-6.351,run06,M2,P0
2.402,-0.671,-7.424,run06,M2,P0
2.502,-0.76,-6.53,run06,M2,P0
2.603,-0.537,-4.07,run06,M2,P0
2.703,-0.358,-1.878,run06,M2,P0
2.803,-0.179,-1.073,run06,M2,P0
2.903,-0.268,-2.147,run06,M2,P0
3.003,-0.08945,-4.294,run06,M2,P0
3.103,-0.08945,-6.351,run06,M2,P0
3.203,0.0,-7.156,run06,M2,P0
3.303,-0.224,-6.083,run06,M2,P0
3.403,-0.224,-3.891,run06,M2,P0
3.503,-0.358,-1.923,run06,M2,P0
3.604,-0.537,-1.163,run06,M2,P0
3.704,-0.537,-2.236,run06,M2,P0
3.804,-0.581,-4.696,run06,M2,P0
3.904,-0.581,-6.843,run06,M2,P0
4.004,-0.358,-7.38,run06,M2,P0
4.104,-0.08945,-5.949,run06,M2,P0
4.204,0.08945,-3.802,run06,M2,P0
4.304,0.134,-1.744,run06,M2,P0
4.404,0.179,-1.252,run06,M2,P0
4.505,0.04473,-2.37,run06,M2,P0
4.605,-0.179,-4.517,run06,M2,P0
4.705,-0.313,-6.575,run06,M2,P0
4.805,-0.492,-7.246,run06,M2,P0
4.905,-0.581,-6.038,run06,M2,P0
5.005,-0.537,-3.891,run06,M2,P0
5.105,-0.447,-1.744,run06,M2,P0
5.205,-0.313,-1.208,run06,M2,P0
5.305,-0.224,-2.549,run06,M2,P0
5.405,-0.224,-4.786,run06,M2,P0
5.505,-0.134,-6.709,run06,M2,P0
5.606,-0.134,-7.111,run06,M2,P0
5.706,-0.08945,-5.77,run06,M2,P0
5.806,0.0,-3.489,run06,M2,P0
5.906,-0.358,-1.565,run06,M2,P0
6.006,-0.313,-1.297,run06,M2,P0
6.106,-0.581,-2.907,run06,M2,P0
6.206,-0.626,-5.188,run06,M2,P0
6.306,-0.492,-6.977,run06,M2,P0
6.406,-0.492,-7.29,run06,M2,P0
6.506,-0.224,-5.501,run06,M2,P0
6.607,-0.08945,-3.399,run06,M2,P0
6.707,0.08945,-1.61,run06,M2,P0
6.807,0.134,-1.252,run06,M2,P0
6.907,0.04473,-2.684,run06,M2,P0
7.007,-0.04473,-5.188,run06,M2,P0
7.107,-0.224,-6.843,run06,M2,P0
7.207,-0.447,-7.156,run06,M2,P0
7.307,-0.537,-5.635,run06,M2,P0
7.407,-0.581,-3.176,run06,M2,P0
7.508,-0.447,-1.61,run06,M2,P0
7.608,-0.447,-1.476,run06,M2,P0
7.708,-0.268,-3.176,run06,M2,P0
7.808,-0.179,-5.367,run06,M2,P0
7.908,-0.179,-6.754,run06,M2,P0
8.008,-0.08945,-6.843,run06,M2,P0
8.108,-0.04473,-5.233,run06,M2,P0
8.208,-0.08945,-2.997,run06,M2,P0
8.308,-0.134,-1.431,run06,M2,P0
8.408,-0.403,-1.431,run06,M2,P0
8.508,-0.358,-3.086,run06,M2,P0
8.609,-0.537,-5.501,run06,M2,P0
8.709,-0.537,-7.335,run06,M2,P0
8.809,-0.403,-7.156,run06,M2,P0
8.909,-0.224,-5.233,run06,M2,P0
9.009,-0.179,-2.862,run06,M2,P0
9.109,-0.08945,-1.386,run06,M2,P0
9.209,-0.08945,-1.476,run06,M2,P0
9.309,0.08945,-3.041,run06,M2,P0
9.409,-0.134,-5.367,run06,M2,P0
9.509,-0.358,-6.932,run06,M2,P0
9.61,-0.492,-6.932,run06,M2,P0
9.71,-0.581,-5.233,run06,M2,P0
9.81,-0.626,-3.041,run06,M2,P0
9.91,-0.403,-1.386,run06,M2,P0
10.01,-0.403,-1.7,run06,M2,P0
10.11,-0.358,-3.489,run06,M2,P0
10.21,-0.268,-5.591,run06,M2,P0
10.31,-0.179,-7.111,run06,M2,P0
10.41,-0.08945,-6.709,run06,M2,P0
10.511,-0.08945,-5.009,run06,M2,P0
10.611,-0.04473,-2.952,run06,M2,P0
10.711,-0.134,-1.342,run06,M2,P0
10.811,-0.268,-1.834,run06,M2,P0
10.911,-0.358,-3.489,run06,M2,P0
11.011,-0.537,-5.725,run06,M2,P0
11.111,-0.581,-7.29,run06,M2,P0
11.211,-0.403,-6.843,run06,M2,P0
11.311,-0.268,-4.92,run06,M2,P0
11.411,-0.224,-2.594,run06,M2,P0
11.511,-0.134,-1.431,run06,M2,P0
11.612,0.0,-1.878,run06,M2,P0
11.712,0.0,-3.578,run06,M2,P0
11.812,-0.08945,-5.635,run06,M2,P0
11.912,-0.313,-6.798,run06,M2,P0
12.012,-0.403,-6.351,run06,M2,P0
12.112,-0.447,-4.696,run06,M2,P0
12.212,-0.537,-2.639,run06,M2,P0
12.312,-0.447,-1.342,run06,M2,P0
12.412,-0.403,-1.923,run06,M2,P0
12.512,-0.403,-3.802,run06,M2,P0
12.613,-0.358,-6.038,run06,M2,P0
12.713,-0.313,-6.932,run06,M2,P0
12.813,-0.268,-6.306,run06,M2,P0
12.913,-0.134,-4.383,run06,M2,P0
13.013,-0.08945,-2.236,run06,M2,P0
13.113,0.0,-1.386,run06,M2,P0
13.213,-0.224,-1.923,run06,M2,P0
13.313,-0.358,-3.936,run06,M2,P0
13.413,-0.537,-6.217,run06,M2,P0
13.514,-0.671,-7.29,run06,M2,P0
13.614,-0.492,-6.575,run06,M2,P0
13.714,-0.358,-4.473,run06,M2,P0
13.814,-0.224,-2.37,run06,M2,P0
13.914,-0.04473,-1.431,run06,M2,P0
14.014,0.0,-2.281,run06,M2,P0
14.114,-0.04473,-3.936,run06,M2,P0
14.214,-0.179,-6.038,run06,M2,P0
14.314,-0.268,-6.977,run06,M2,P0
14.414,-0.358,-6.306,run06,M2,P0
14.514,-0.358,-4.249,run06,M2,P0
14.615,-0.403,-2.281,run06,M2,P0
14.715,-0.403,-1.252,run06,M2,P0
14.815,-0.313,-2.46,run06,M2,P0
14.915,-0.358,-4.294,run06,M2,P0
15.015,-0.537,-6.262,run06,M2,P0
15.115,-0.224,-7.514,run06,M2,P0
15.215,-0.08945,-6.038,run06,M2,P0
15.315,0.0,-3.936,run06,M2,P0
15.415,-0.04473,-2.013,run06,M2,P0
15.515,-0.04473,-1.565,run06,M2,P0
15.616,-0.08945,-2.505,run06,M2,P0
15.716,-0.313,-4.473,run06,M2,P0
15.816,-0.403,-6.485,run06,M2,P0
15.916,-0.447,-7.29,run06,M2,P0
16.016,-0.492,-6.262,run06,M2,P0
16.116,-0.358,-4.338,run06,M2,P0
16.216,-0.134,-2.102,run06,M2,P0
16.316,-0.134,-1.386,run06,M2,P0
16.416,-0.08945,-2.594,run06,M2,P0
16.517,-0.224,-4.696,run06,M2,P0
16.617,-0.268,-6.306,run06,M2,P0
16.717,-0.224,-6.932,run06,M2,P0
16.817,-0.179,-5.546,run06,M2,P0
16.917,-0.224,-3.712,run06,M2,P0
17.017,-0.403,-1.744,run06,M2,P0
17.117,-0.447,-1.297,run06,M2,P0
17.217,-0.358,-2.549,run06,M2,P0
17.317,-0.492,-4.786,run06,M2,P0
17.417,-0.537,-6.44,run06,M2,P0
17.517,-0.492,-6.798,run06,M2,P0
17.618,-0.224,-6.038,run06,M2,P0
17.718,-0.08945,-3.846,run06,M2,P0
17.818,0.134,-1.923,run06,M2,P0
17.918,-0.08945,-1.342,run06,M2,P0
18.018,-0.179,-2.46,run06,M2,P0
18.118,-0.403,-4.607,run06,M2,P0
18.218,-0.447,-6.396,run06,M2,P0
18.318,-0.447,-7.201,run06,M2,P0
18.418,-0.403,-6.038,run06,M2,P0
18.518,-0.403,-3.668,run06,M2,P0
18.619,-0.313,-2.057,run06,M2,P0
18.719,-0.224,-1.7,run06,M2,P0
18.819,-0.134,-2.728,run06,M2,P0
18.919,-0.224,-4.875,run06,M2,P0
19.019,-0.179,-6.619,run06,M2,P0
19.119,-0.179,-6.977,run06,M2,P0
19.219,-0.179,-5.546,run06,M2,P0
19.319,-0.08945,-3.533,run06,M2,P0
19.419,-0.224,-1.789,run06,M2,P0
19.52,-0.537,-1.655,run06,M2,P0
19.62,-0.447,-2.862,run06,M2,P0
19.72,-0.492,-5.009,run06,M2,P0
19.82,-0.268,-6.888,run06,M2,P0
19.92,-0.358,-7.022,run06,M2,P0
20.02,-0.134,-5.546,run06,M2,P0
20.12,0.0,-3.041,run06,M2,P0
20.22,0.08945,-1.655,run06,M2,P0
20.32,0.08945,-1.61,run06,M2,P0
20.42,-0.08945,-2.997,run06,M2,P0
20.52,-0.224,-5.233,run06,M2,P0
20.621,-0.358,-6.754,run06,M2,P0
20.721,-0.447,-6.798,run06,M2,P0
20.821,-0.537,-5.367,run06,M2,P0
20.921,-0.403,-3.399,run06,M2,P0
21.021,-0.358,-1.61,run06,M2,P0
21.121,-0.358,-1.655,run06,M2,P0
21.221,-0.224,-3.265,run06,M2,P0
21.321,-0.179,-5.457,run06,M2,P0
21.421,-0.179,-6.888,run06,M2,P0
21.521,-0.224,-6.53,run06,M2,P0
21.622,-0.224,-5.233,run06,M2,P0
21.722,-0.08945,-2.952,run06,M2,P0
21.822,-0.224,-1.476,run06,M2,P0
21.922,-0.224,-1.789,run06,M2,P0
22.022,-0.403,-3.444,run06,M2,P0
22.122,-0.492,-5.591,run06,M2,P0
22.222,-0.403,-7.111,run06,M2,P0
22.322,-0.313,-6.888,run06,M2,P0
22.422,-0.224,-5.054,run06,M2,P0
22.523,-0.04473,-2.952,run06,M2,P0
22.623,-0.04473,-1.431,run06,M2,P0
22.723,-0.04473,-1.789,run06,M2,P0
22.823,-0.08945,-3.31,run06,M2,P0
22.923,-0.224,-5.635,run06,M2,P0
23.023,-0.313,-6.709,run06,M2,P0
23.123,-0.358,-6.709,run06,M2,P0
23.223,-0.358,-4.83,run06,M2,P0
23.323,-0.358,-2.952,run06,M2,P0
23.423,-0.268,-1.61,run06,M2,P0
23.523,-0.268,-1.834,run06,M2,P0
23.624,-0.268,-3.668,run06,M2,P0
23.724,-0.268,-5.904,run06,M2,P0
23.824,-0.179,-6.888,run06,M2,P0
23.924,-0.179,-6.485,run06,M2,P0
24.024,-0.08945,-4.562,run06,M2,P0
24.124,-0.04473,-2.639,run06,M2,P0
24.224,-0.224,-1.521,run06,M2,P0
24.324,-0.268,-1.968,run06,M2,P0
24.424,-0.403,-3.802,run06,M2,P0
24.524,-0.537,-5.904,run06,M2,P0
24.625,-0.537,-7.156,run06,M2,P0
24.725,-0.403,-6.754,run06,M2,P0
24.825,-0.224,-4.741,run06,M2,P0
24.925,-0.179,-2.505,run06,M2,P0
25.025,-0.08945,-1.431,run06,M2,P0
25.125,-0.08945,-2.057,run06,M2,P0
25.225,-0.134,-3.712,run06,M2,P0
25.325,-0.268,-5.77,run06,M2,P0
25.425,-0.447,-6.977,run06,M2,P0
25.526,-0.403,-6.217,run06,M2,P0
25.626,-0.403,-4.473,run06,M2,P0
25.726,-0.224,-2.46,run06,M2,P0
25.826,-0.313,-1.476,run06,M2,P0
25.926,-0.358,-2.281,run06,M2,P0
26.026,-0.313,-4.294,run06,M2,P0
26.126,-0.358,-6.262,run06,M2,P0
26.226,-0.403,-6.932,run06,M2,P0
26.326,-0.179,-6.038,run06,M2,P0
26.426,-0.268,-4.115,run06,M2,P0
26.526,-0.224,-2.192,run06,M2,P0
26.627,-0.134,-1.521,run06,M2,P0
26.727,-0.313,-2.281,run06,M2,P0
26.827,-0.358,-4.07,run06,M2,P0
26.927,-0.403,-6.306,run06,M2,P0
27.027,-0.447,-7.156,run06,M2,P0
27.127,-0.447,-6.038,run06,M2,P0
27.227,-0.403,-3.802,run06,M2,P0
27.327,-0.313,-2.236,run06,M2,P0
27.427,-0.179,-1.565,run06,M2,P0
27.527,0.0,-2.505,run06,M2,P0
27.628,-0.179,-4.383,run06,M2,P0
27.728,-0.313,-6.262,run06,M2,P0
27.828,-0.403,-6.977,run06,M2,P0
27.928,-0.358,-6.083,run06,M2,P0
28.028,-0.403,-4.025,run06,M2,P0
28.128,-0.358,-2.057,run06,M2,P0
28.228,-0.313,-1.61,run06,M2,P0
28.328,-0.358,-2.549,run06,M2,P0
28.428,-0.403,-4.562,run06,M2,P0
28.529,-0.403,-6.709,run06,M2,P0
28.629,-0.268,-7.067,run06,M2,P0
28.729,-0.224,-5.591,run06,M2,P0
28.829,-0.179,-3.802,run06,M2,P0
28.929,-0.04473,-1.923,run06,M2,P0
29.029,-0.04473,-1.655,run06,M2,P0
29.129,-0.134,-2.505,run06,M2,P0
29.229,-0.358,-4.517,run06,M2,P0
29.329,-0.537,-6.53,run06,M2,P0
29.429,-0.403,-7.022,run06,M2,P0
29.529,-0.403,-5.993,run06,M2,P0
29.63,-0.268,-3.802,run06,M2,P0
29.73,-0.179,-1.968,run06,M2,P0
29.83,-0.08945,-1.565,run06,M2,P0
29.93,-0.224,-2.639,run06,M2,P0
30.03,-0.08945,-4.83,run06,M2,P0
30.13,-0.268,-6.53,run06,M2,P0
30.23,-0.179,-6.754,run06,M2,P0
30.33,-0.268,-5.501,run06,M2,P0
30.43,-0.313,-3.623,run06,M2,P0
30.53,-0.313,-1.968,run06,M2,P0
30.631,-0.313,-1.565,run06,M2,P0
30.731,-0.403,-2.862,run06,M2,P0
30.831,-0.358,-5.009,run06,M2,P0
30.931,-0.313,-6.798,run06,M2,P0
31.031,-0.313,-6.977,run06,M2,P0
31.131,-0.179,-5.546,run06,M2,P0
31.231,-0.08945,-3.399,run06,M2,P0
31.331,-0.134,-1.968,run06,M2,P0
31.431,-0.134,-1.61,run06,M2,P0
31.532,-0.224,-2.997,run06,M2,P0
31.632,-0.403,-5.054,run06,M2,P0
31.732,-0.403,-6.709,run06,M2,P0
31.832,-0.403,-6.977,run06,M2,P0
31.932,-0.313,-5.546,run06,M2,P0
32.032,-0.268,-3.444,run06,M2,P0
32.132,-0.268,-1.878,run06,M2,P0
32.232,-0.268,-1.744,run06,M2,P0
32.332,-0.179,-3.22,run06,M2,P0
32.432,-0.179,-5.188,run06,M2,P0
32.532,-0.313,-6.664,run06,M2,P0
32.633,-0.313,-6.709,run06,M2,P0
32.733,-0.268,-5.367,run06,M2,P0
32.833,-0.358,-3.176,run06,M2,P0
32.933,-0.224,-1.521,run06,M2,P0
33.033,-0.268,-1.834,run06,M2,P0
33.133,-0.179,-3.22,run06,M2,P0
33.233,-0.313,-5.546,run06,M2,P0
33.333,-0.403,-6.888,run06,M2,P0
33.433,-0.313,-6.798,run06,M2,P0
33.533,-0.179,-5.278,run06,M2,P0
33.634,-0.179,-3.086,run06,M2,P0
33.734,-0.134,-1.565,run06,M2,P0
33.834,-0.134,-1.789,run06,M2,P0
33.934,-0.179,-3.399,run06,M2,P0
34.034,-0.268,-5.322,run06,M2,P0
34.134,-0.447,-6.754,run06,M2,P0
34.234,-0.403,-6.619,run06,M2,P0
34.334,-0.313,-5.143,run06,M2,P0
34.434,-0.268,-2.997,run06,M2,P0
34.535,-0.179,-1.834,run06,M2,P0
34.635,-0.179,-1.878,run06,M2,P0
34.735,-0.04473,-3.712,run06,M2,P0
34.835,-0.179,-5.725,run06,M2,P0
0.0,-0.156,-1.601,run07,M2,P2
0.1,0.06669,-3.823,run07,M2,P2
0.2,0.111,-6.269,run07,M2,P2
0.3,0.156,-7.603,run07,M2,P2
0.4,-0.02223,-7.069,run07,M2,P2
0.5,-0.289,-5.024,run07,M2,P2
0.601,-0.556,-2.401,run07,M2,P2
0.701,-0.422,-0.978,run07,M2,P2
0.801,-0.511,-1.867,run07,M2,P2
0.901,-0.6,-4.179,run07,M2,P2
1.001,-0.467,-6.491,run07,M2,P2
1.101,-0.289,-7.691,run07,M2,P2
1.201,-0.06669,-6.891,run07,M2,P2
1.301,0.156,-4.891,run07,M2,P2
1.401,0.156,-2.356,run07,M2,P2
1.502,0.02223,-1.023,run07,M2,P2
1.602,0.06669,-1.823,run07,M2,P2
1.702,-0.06669,-4.09,run07,M2,P2
1.802,-0.245,-6.624,run07,M2,P2
1.902,-0.422,-7.78,run07,M2,P2
2.002,-0.511,-7.113,run07,M2,P2
2.102,-0.511,-4.802,run07,M2,P2
2.202,-0.511,-2.267,run07,M2,P2
2.302,-0.378,-1.067,run07,M2,P2
2.402,-0.2,-2.001,run07,M2,P2
2.502,-0.02223,-4.179,run07,M2,P2
2.603,-0.02223,-6.402,run07,M2,P2
2.703,0.111,-7.691,run07,M2,P2
2.803,0.111,-6.847,run07,M2,P2
2.903,-0.2,-4.579,run07,M2,P2
3.003,-0.378,-2.312,run07,M2,P2
3.103,-0.511,-1.2,run07,M2,P2
3.203,-0.6,-2.09,run07,M2,P2
3.303,-0.689,-4.579,run07,M2,P2
3.403,-0.645,-6.802,run07,M2,P2
3.503,-0.378,-7.691,run07,M2,P2
3.604,-0.06669,-6.58,run07,M2,P2
3.704,0.02223,-4.579,run07,M2,P2
3.804,0.02223,-2.134,run07,M2,P2
3.904,0.02223,-1.156,run07,M2,P2
4.004,-0.06669,-2.045,run07,M2,P2
4.104,-0.06669,-4.313,run07,M2,P2
4.204,-0.333,-6.713,run07,M2,P2
4.304,-0.467,-7.736,run07,M2,P2
4.404,-0.511,-6.758,run07,M2,P2
4.505,-0.511,-4.49,run07,M2,P2
4.605,-0.645,-2.045,run07,M2,P2
4.705,-0.467,-1.245,run07,M2,P2
4.805,-0.378,-2.267,run07,M2,P2
4.905,-0.156,-4.49,run07,M2,P2
5.005,-0.02223,-6.58,run07,M2,P2
5.105,0.06669,-7.603,run07,M2,P2
5.205,-0.02223,-6.447,run07,M2,P2
5.305,-0.111,-4.268,run07,M2,P2
5.405,-0.245,-2.001,run07,M2,P2
5.505,-0.422,-1.245,run07,M2,P2
5.606,-0.556,-2.445,run07,M2,P2
5.706,-0.511,-4.668,run07,M2,P2
5.806,-0.556,-6.936,run07,M2,P2
5.906,-0.467,-7.691,run07,M2,P2
6.006,-0.111,-6.402,run07,M2,P2
6.106,-0.111,-3.957,run07,M2,P2
6.206,0.02223,-1.823,run07,M2,P2
6.306,0.02223,-1.2,run07,M2,P2
6.406,-0.02223,-2.267,run07,M2,P2
6.506,-0.06669,-4.535,run07,M2,P2
6.607,-0.2,-6.847,run07,M2,P2
6.707,-0.378,-7.736,run07,M2,P2
6.807,-0.511,-6.491,run07,M2,P2
6.907,-0.511,-4.179,run07,M2,P2
7.007,-0.511,-2.045,run07,M2,P2
7.107,-0.511,-1.156,run07,M2,P2
7.207,-0.333,-2.49,run07,M2,P2
7.307,-0.156,-4.713,run07,M2,P2
7.407,-0.06669,-6.802,run07,M2,P2
7.508,-0.06669,-7.469,run07,M2,P2
7.608,-0.02223,-6.269,run07,M2,P2
7.708,-0.06669,-3.957,run07,M2,P2
7.808,-0.156,-1.912,run07,M2,P2
7.908,-0.289,-1.2,run07,M2,P2
8.008,-0.511,-2.579,run07,M2,P2
8.108,-0.556,-4.935,run07,M2,P2
8.208,-0.556,-7.069,run07,M2,P2
8.308,-0.378,-7.691,run07,M2,P2
8.408,-0.2,-6.358,run07,M2,P2
8.508,-0.06669,-3.912,run07,M2,P2
8.609,0.02223,-1.956,run07,M2,P2
8.709,0.06669,-1.378,run07,M2,P2
8.809,-0.02223,-2.49,run07,M2,P2
8.909,-0.02223,-4.802,run07,M2,P2
9.009,-0.2,-6.847,run07,M2,P2
9.109,-0.333,-7.558,run07,M2,P2
9.209,-0.422,-6.447,run07,M2,P2
9.309,-0.467,-4.135,run07,M2,P2
9.409,-0.467,-2.045,run07,M2,P2
9.509,-0.422,-1.556,run07,M2,P2
9.61,-0.333,-2.623,run07,M2,P2
9.71,-0.289,-4.935,run07,M2,P2
9.81,-0.333,-6.847,run07,M2,P2
9.91,0.02223,-7.247,run07,M2,P2
10.01,-0.02223,-5.869,run07,M2,P2
10.11,0.02223,-3.735,run07,M2,P2
10.21,-0.02223,-1.734,run07,M2,P2
10.31,-0.2,-1.378,run07,M2,P2
10.41,-0.289,-2.845,run07,M2,P2
10.511,-0.422,-5.068,run07,M2,P2
10.611,-0.6,-7.158,run07,M2,P2
10.711,-0.511,-7.291,run07,M2,P2
10.811,-0.378,-6.091,run07,M2,P2
10.911,-0.111,-3.779,run07,M2,P2
11.011,-0.111,-1.778,run07,M2,P2
11.111,0.06669,-1.467,run07,M2,P2
11.211,0.02223,-2.845,run07,M2,P2
11.311,-0.02223,-5.024,run07,M2,P2
11.411,-0.2,-7.025,run07,M2,P2
11.511,-0.333,-7.38,run07,M2,P2
11.612,-0.422,-6.002,run07,M2,P2
11.712,-0.467,-3.779,run07,M2,P2
11.812,-0.467,-1.956,run07,M2,P2
11.912,-0.422,-1.601,run07,M2,P2
12.012,-0.333,-3.112,run07,M2,P2
12.112,-0.289,-5.246,run07,M2,P2
12.212,-0.289,-6.936,run07,M2,P2
12.312,-0.06669,-7.158,run07,M2,P2
12.412,-0.02223,-5.646,run07,M2,P2
12.512,0.02223,-3.423,run07,M2,P2
12.613,-0.02223,-1.734,run07,M2,P2
12.713,-0.2,-1.467,run07,M2,P2
12.813,-0.2,-3.023,run07,M2,P2
12.913,-0.467,-5.38,run07,M2,P2
13.013,-0.556,-7.113,run07,M2,P2
13.113,-0.422,-7.425,run07,M2,P2
13.213,-0.333,-5.78,run07,M2,P2
13.313,-0.245,-3.468,run07,M2,P2
13.413,-0.111,-1.734,run07,M2,P2
13.514,-0.02223,-1.467,run07,M2,P2
13.614,0.06669,-3.023,run07,M2,P2
13.714,0.02223,-5.291,run07,M2,P2
13.814,-0.02223,-7.025,run07,M2,P2
13.914,-0.111,-7.38,run07,M2,P2
14.014,-0.378,-5.691,run07,M2,P2
14.114,-0.378,-3.334,run07,M2,P2
14.214,-0.511,-1.645,run07,M2,P2
14.314,-0.511,-1.601,run07,M2,P2
14.414,-0.422,-3.246,run07,M2,P2
14.514,-0.378,-5.424,run07,M2,P2
14.615,-0.2,-7.113,run07,M2,P2
14.715,-0.06669,-7.158,run07,M2,P2
14.815,0.02223,-5.513,run07,M2,P2
14.915,-0.111,-3.246,run07,M2,P2
15.015,-0.02223,-1.734,run07,M2,P2
15.115,-0.06669,-1.645,run07,M2,P2
15.215,-0.2,-3.068,run07,M2,P2
15.315,-0.422,-5.468,run07,M2,P2
15.415,-0.556,-7.247,run07,M2,P2
15.515,-0.511,-7.247,run07,M2,P2
15.616,-0.378,-5.557,run07,M2,P2
15.716,-0.245,-3.334,run07,M2,P2
15.816,-0.111,-1.601,run07,M2,P2
15.916,-0.111,-1.601,run07,M2,P2
16.016,-0.06669,-3.334,run07,M2,P2
16.116,0.02223,-5.38,run07,M2,P2
16.216,-0.02223,-6.936,run07,M2,P2
16.316,-0.156,-6.936,run07,M2,P2
16.416,-0.289,-5.335,run07,M2,P2
16.517,-0.378,-3.157,run07,M2,P2
16.617,-0.511,-1.601,run07,M2,P2
16.717,-0.511,-1.689,run07,M2,P2
16.817,-0.467,-3.334,run07,M2,P2
16.917,-0.467,-5.691,run07,M2,P2
17.017,-0.333,-7.158,run07,M2,P2
17.117,-0.245,-7.069,run07,M2,P2
17.217,-0.06669,-5.335,run07,M2,P2
17.317,0.02223,-2.934,run07,M2,P2
17.417,-0.02223,-1.512,run07,M2,P2
17.517,-0.156,-1.689,run07,M2,P2
17.618,-0.2,-3.29,run07,M2,P2
17.718,-0.422,-5.691,run07,M2,P2
17.818,-0.467,-7.247,run07,M2,P2
17.918,-0.556,-7.158,run07,M2,P2
18.018,-0.467,-5.424,run07,M2,P2
18.118,-0.2,-2.845,run07,M2,P2
18.218,-0.2,-1.601,run07,M2,P2
18.318,-0.156,-1.823,run07,M2,P2
18.418,-0.02223,-3.512,run07,M2,P2
18.518,-0.06669,-5.557,run07,M2,P2
18.619,-0.06669,-7.113,run07,M2,P2
18.719,-0.156,-6.936,run07,M2,P2
18.819,-0.289,-5.424,run07,M2,P2
18.919,-0.378,-2.89,run07,M2,P2
19.019,-0.378,-1.734,run07,M2,P2
19.119,-0.467,-1.867,run07,M2,P2
19.219,-0.467,-3.69,run07,M2,P2
19.319,-0.422,-5.913,run07,M2,P2
19.419,-0.289,-7.202,run07,M2,P2
19.52,-0.2,-6.847,run07,M2,P2
19.62,-0.02223,-5.202,run07,M2,P2
19.72,0.02223,-2.801,run07,M2,P2
19.82,0.02223,-1.467,run07,M2,P2
19.92,0.02223,-1.778,run07,M2,P2
20.02,-0.2,-3.779,run07,M2,P2
20.12,-0.289,-5.735,run07,M2,P2
20.22,-0.467,-7.247,run07,M2,P2
20.32,-0.467,-6.98,run07,M2,P2
20.42,-0.333,-4.713,run07,M2,P2
20.52,-0.289,-2.623,run07,M2,P2
20.621,-0.156,-1.556,run07,M2,P2
20.721,-0.2,-1.778,run07,M2,P2
20.821,-0.111,-3.823,run07,M2,P2
20.921,0.02223,-5.913,run07,M2,P2
21.021,-0.06669,-7.113,run07,M2,P2
21.121,-0.2,-6.669,run07,M2,P2
21.221,-0.333,-4.935,run07,M2,P2
21.321,-0.245,-2.579,run07,M2,P2
21.421,-0.422,-1.645,run07,M2,P2
21.521,-0.511,-2.09,run07,M2,P2
21.622,-0.467,-4.046,run07,M2,P2
21.722,-0.467,-6.18,run07,M2,P2
21.822,-0.333,-7.247,run07,M2,P2
21.922,-0.2,-6.713,run07,M2,P2
22.022,-0.111,-4.757,run07,M2,P2
22.122,0.06669,-2.712,run07,M2,P2
22.222,0.02223,-1.512,run07,M2,P2
22.322,-0.111,-2.179,run07,M2,P2
22.422,-0.111,-3.957,run07,M2,P2
22.523,-0.333,-6.046,run07,M2,P2
22.623,-0.422,-7.247,run07,M2,P2
22.723,-0.511,-6.758,run07,M2,P2
22.823,-0.467,-4.891,run07,M2,P2
22.923,-0.245,-2.668,run07,M2,P2
23.023,-0.333,-1.512,run07,M2,P2
23.123,-0.156,-2.179,run07,M2,P2
23.223,-0.111,-4.135,run07,M2,P2
23.323,-0.06669,-6.135,run07,M2,P2
23.423,-0.111,-7.113,run07,M2,P2
23.523,-0.156,-6.536,run07,M2,P2
23.624,-0.289,-4.579,run07,M2,P2
23.724,-0.245,-2.623,run07,M2,P2
23.824,-0.378,-1.601,run07,M2,P2
23.924,-0.422,-2.179,run07,M2,P2
24.024,-0.467,-4.224,run07,M2,P2
24.124,-0.422,-6.269,run07,M2,P2
24.224,-0.378,-7.247,run07,M2,P2
24.324,-0.245,-6.624,run07,M2,P2
24.424,-0.156,-4.668,run07,M2,P2
24.524,-0.06669,-2.49,run07,M2,P2
24.625,-0.02223,-1.689,run07,M2,P2
24.725,-0.02223,-2.267,run07,M2,P2
24.825,-0.06669,-4.224,run07,M2,P2
24.925,-0.2,-6.358,run07,M2,P2
25.025,-0.422,-7.025,run07,M2,P2
25.125,-0.422,-6.491,run07,M2,P2
25.225,-0.422,-4.579,run07,M2,P2
25.325,-0.289,-2.623,run07,M2,P2
25.425,-0.245,-1.645,run07,M2,P2
25.526,-0.245,-2.356,run07,M2,P2
25.626,-0.111,-4.49,run07,M2,P2
25.726,-0.111,-6.269,run07,M2,P2
25.826,-0.156,-7.113,run07,M2,P2
25.926,-0.2,-6.313,run07,M2,P2
26.026,-0.156,-4.357,run07,M2,P2
26.126,-0.245,-2.401,run07,M2,P2
26.226,-0.333,-1.645,run07,M2,P2
26.326,-0.378,-2.445,run07,M2,P2
26.426,-0.467,-4.49,run07,M2,P2
26.526,-0.556,-6.536,run07,M2,P2
26.627,-0.422,-7.202,run07,M2,P2
26.727,-0.245,-6.358,run07,M2,P2
26.827,-0.06669,-4.49,run07,M2,P2
26.927,0.02223,-2.445,run07,M2,P2
27.027,-0.02223,-1.601,run07,M2,P2
27.127,0.02223,-2.623,run07,M2,P2
27.227,-0.111,-4.49,run07,M2,P2
27.327,-0.289,-6.402,run07,M2,P2
27.427,-0.467,-7.202,run07,M2,P2
27.527,-0.6,-6.313,run07,M2,P2
27.628,-0.556,-4.401,run07,M2,P2
27.728,-0.289,-2.312,run07,M2,P2
27.828,-0.333,-1.601,run07,M2,P2
27.928,-0.2,-2.579,run07,M2,P2
28.028,-0.245,-4.579,run07,M2,P2
28.128,-0.156,-6.624,run07,M2,P2
28.228,-0.156,-7.113,run07,M2,P2
28.328,-0.2,-6.091,run07,M2,P2
28.428,-0.245,-4.179,run07,M2,P2
28.529,-0.245,-2.223,run07,M2,P2
28.629,-0.289,-1.689,run07,M2,P2
28.729,-0.378,-2.668,run07,M2,P2
28.829,-0.556,-4.757,run07,M2,P2
28.929,-0.511,-6.402,run07,M2,P2
29.029,-0.378,-7.247,run07,M2,P2
29.129,-0.2,-6.091,run07,M2,P2
29.229,-0.06669,-4.09,run07,M2,P2
29.329,0.02223,-2.356,run07,M2,P2
29.429,-0.02223,-1.689,run07,M2,P2
29.529,-0.02223,-2.845,run07,M2,P2
29.63,-0.156,-4.624,run07,M2,P2
29.73,-0.289,-6.358,run07,M2,P2
29.83,-0.378,-6.936,run07,M2,P2
29.93,-0.378,-6.091,run07,M2,P2
30.03,-0.422,-4.001,run07,M2,P2
30.13,-0.422,-2.267,run07,M2,P2
30.23,-0.245,-1.734,run07,M2,P2
30.33,-0.245,-2.668,run07,M2,P2
30.43,-0.2,-4.846,run07,M2,P2
30.53,-0.2,-6.58,run07,M2,P2
30.631,-0.156,-6.802,run07,M2,P2
30.731,-0.06669,-5.735,run07,M2,P2
30.831,-0.111,-4.001,run07,M2,P2
30.931,-0.156,-2.223,run07,M2,P2
31.031,-0.289,-1.778,run07,M2,P2
31.131,-0.289,-2.668,run07,M2,P2
31.231,-0.467,-4.846,run07,M2,P2
31.331,-0.422,-6.669,run07,M2,P2
31.431,-0.422,-7.113,run07,M2,P2
31.532,-0.156,-5.913,run07,M2,P2
31.632,-0.06669,-3.868,run07,M2,P2
31.732,-0.02223,-2.267,run07,M2,P2
31.832,0.02223,-1.689,run07,M2,P2
31.932,-0.02223,-2.89,run07,M2,P2
32.032,-0.156,-4.802,run07,M2,P2
32.132,-0.289,-6.491,run07,M2,P2
32.232,-0.289,-6.936,run07,M2,P2
32.332,-0.378,-5.735,run07,M2,P2
32.432,-0.333,-3.735,run07,M2,P2
32.532,-0.289,-2.134,run07,M2,P2
32.633,-0.378,-1.867,run07,M2,P2
32.733,-0.245,-2.979,run07,M2,P2
32.833,-0.289,-5.157,run07,M2,P2
32.933,-0.111,-6.758,run07,M2,P2
33.033,-0.111,-6.891,run07,M2,P2
33.133,-0.156,-5.691,run07,M2,P2
33.233,-0.156,-3.646,run07,M2,P2
33.333,-0.156,-2.045,run07,M2,P2
33.433,-0.289,-1.778,run07,M2,P2
33.533,-0.378,-3.068,run07,M2,P2
33.634,-0.378,-4.935,run07,M2,P2
33.734,-0.378,-6.758,run07,M2,P2
33.834,-0.333,-7.069,run07,M2,P2
33.934,-0.333,-5.691,run07,M2,P2
34.034,-0.156,-3.557,run07,M2,P2
34.134,0.06669,-2.09,run07,M2,P2
34.234,-0.02223,-1.734,run07,M2,P2
34.334,-0.06669,-2.979,run07,M2,P2
34.434,-0.2,-5.024,run07,M2,P2
34.535,-0.156,-6.624,run07,M2,P2
34.635,-0.289,-6.936,run07,M2,P2
34.735,-0.333,-5.824,run07,M2,P2
34.835,-0.378,-3.557,run07,M2,P2
0.0,-0.684,-5.811,run08,M2,P4
0.1,-0.244,-3.467,run08,M2,P4
0.2,0.0,-1.612,run08,M2,P4
0.3,0.195,-1.465,run08,M2,P4
0.4,0.684,-3.272,run08,M2,P4
0.5,0.83,-5.811,run08,M2,P4
0.601,0.977,-7.667,run08,M2,P4
0.701,0.635,-7.813,run08,M2,P4
0.801,0.147,-6.153,run08,M2,P4
0.901,-0.293,-3.711,run08,M2,P4
1.001,-0.537,-1.709,run08,M2,P4
1.101,-0.586,-1.612,run08,M2,P4
1.201,-0.733,-2.93,run08,M2,P4
1.301,-0.537,-5.225,run08,M2,P4
1.401,-0.147,-7.227,run08,M2,P4
1.502,0.342,-7.569,run08,M2,P4
1.602,0.781,-6.397,run08,M2,P4
1.702,0.928,-4.151,run08,M2,P4
1.802,0.781,-1.856,run08,M2,P4
1.902,0.586,-1.465,run08,M2,P4
2.002,0.488,-3.028,run08,M2,P4
2.102,-0.195,-5.323,run08,M2,P4
2.202,-0.195,-7.13,run08,M2,P4
2.302,-0.488,-7.569,run08,M2,P4
2.402,-0.488,-6.3,run08,M2,P4
2.502,-0.391,-4.053,run08,M2,P4
2.603,-0.147,-1.953,run08,M2,P4
2.703,0.244,-1.612,run08,M2,P4
2.803,0.537,-2.784,run08,M2,P4
2.903,0.781,-5.03,run08,M2,P4
3.003,0.879,-7.081,run08,M2,P4
3.103,0.733,-7.618,run08,M2,P4
3.203,0.391,-6.495,run08,M2,P4
3.303,-0.04883,-4.151,run08,M2,P4
3.403,-0.342,-2.149,run08,M2,P4
3.503,-0.586,-1.612,run08,M2,P4
3.604,-0.586,-2.637,run08,M2,P4
3.704,-0.586,-4.737,run08,M2,P4
3.804,-0.293,-6.788,run08,M2,P4
3.904,0.09767,-7.52,run08,M2,P4
4.004,0.44,-6.837,run08,M2,P4
4.104,0.83,-4.639,run08,M2,P4
4.204,0.928,-2.539,run08,M2,P4
4.304,0.781,-1.807,run08,M2,P4
4.404,0.635,-2.491,run08,M2,P4
4.505,0.293,-4.688,run08,M2,P4
4.605,0.0,-6.739,run08,M2,P4
4.705,-0.293,-7.423,run08,M2,P4
4.805,-0.44,-6.641,run08,M2,P4
4.905,-0.488,-4.688,run08,M2,P4
5.005,-0.293,-2.442,run08,M2,P4
5.105,-0.04883,-1.514,run08,M2,P4
5.205,0.244,-2.491,run08,M2,P4
5.305,0.586,-4.493,run08,M2,P4
5.405,0.635,-6.641,run08,M2,P4
5.505,0.635,-7.569,run08,M2,P4
5.606,0.391,-6.983,run08,M2,P4
5.706,0.147,-4.883,run08,M2,P4
5.806,-0.244,-2.735,run08,M2,P4
5.906,-0.391,-1.66,run08,M2,P4
6.006,-0.537,-2.344,run08,M2,P4
6.106,-0.684,-4.249,run08,M2,P4
6.206,-0.244,-6.251,run08,M2,P4
6.306,-0.09767,-7.276,run08,M2,P4
6.406,0.293,-6.788,run08,M2,P4
6.506,0.684,-4.981,run08,M2,P4
6.607,0.928,-3.077,run08,M2,P4
6.707,0.83,-1.807,run08,M2,P4
6.807,0.684,-2.393,run08,M2,P4
6.907,0.391,-4.2,run08,M2,P4
7.007,0.147,-6.251,run08,M2,P4
7.107,-0.147,-7.325,run08,M2,P4
7.207,-0.488,-6.837,run08,M2,P4
7.307,-0.44,-5.128,run08,M2,P4
7.407,-0.391,-2.881,run08,M2,P4
7.508,-0.09767,-1.905,run08,M2,P4
7.608,0.147,-2.295,run08,M2,P4
7.708,0.391,-3.809,run08,M2,P4
7.808,0.684,-6.055,run08,M2,P4
7.908,0.83,-7.325,run08,M2,P4
8.008,0.44,-7.179,run08,M2,P4
8.108,0.244,-5.421,run08,M2,P4
8.208,-0.147,-3.321,run08,M2,P4
8.308,-0.293,-1.807,run08,M2,P4
8.408,-0.391,-2.295,run08,M2,P4
8.508,-0.537,-3.711,run08,M2,P4
8.609,-0.44,-5.811,run08,M2,P4
8.709,-0.147,-7.13,run08,M2,P4
8.809,0.147,-6.983,run08,M2,P4
8.909,0.44,-5.323,run08,M2,P4
9.009,0.781,-3.467,run08,M2,P4
9.109,0.733,-2.344,run08,M2,P4
9.209,0.733,-2.344,run08,M2,P4
9.309,0.537,-3.663,run08,M2,P4
9.409,0.293,-5.762,run08,M2,P4
9.509,-0.04883,-7.081,run08,M2,P4
9.61,-0.293,-7.032,run08,M2,P4
9.71,-0.44,-5.665,run08,M2,P4
9.81,-0.391,-3.614,run08,M2,P4
9.91,-0.293,-2.051,run08,M2,P4
10.01,-0.147,-2.051,run08,M2,P4
10.11,0.195,-3.516,run08,M2,P4
10.21,0.488,-5.372,run08,M2,P4
10.31,0.586,-7.081,run08,M2,P4
10.41,0.635,-7.13,run08,M2,P4
10.511,0.44,-5.958,run08,M2,P4
10.611,0.147,-3.858,run08,M2,P4
10.711,-0.147,-2.442,run08,M2,P4
10.811,-0.342,-2.149,run08,M2,P4
10.911,-0.44,-3.37,run08,M2,P4
11.011,-0.44,-5.274,run08,M2,P4
11.111,-0.195,-6.69,run08,M2,P4
11.211,0.09767,-7.032,run08,M2,P4
11.311,0.391,-5.665,run08,M2,P4
11.411,0.586,-4.053,run08,M2,P4
11.511,0.733,-2.442,run08,M2,P4
11.612,0.684,-2.002,run08,M2,P4
11.712,0.635,-3.37,run08,M2,P4
11.812,0.391,-5.225,run08,M2,P4
11.912,0.0,-6.788,run08,M2,P4
12.012,-0.195,-7.179,run08,M2,P4
12.112,-0.391,-6.055,run08,M2,P4
12.212,-0.293,-4.151,run08,M2,P4
12.312,-0.293,-2.637,run08,M2,P4
12.412,-0.147,-2.149,run08,M2,P4
12.512,0.195,-3.028,run08,M2,P4
12.613,0.342,-4.786,run08,M2,P4
12.713,0.537,-6.69,run08,M2,P4
12.813,0.684,-7.13,run08,M2,P4
12.913,0.586,-6.397,run08,M2,P4
13.013,0.293,-4.346,run08,M2,P4
13.113,0.0,-2.637,run08,M2,P4
13.213,-0.195,-2.051,run08,M2,P4
13.313,-0.391,-3.125,run08,M2,P4
13.413,-0.391,-4.932,run08,M2,P4
13.514,-0.195,-6.593,run08,M2,P4
13.614,-0.04883,-6.886,run08,M2,P4
13.714,0.147,-6.251,run08,M2,P4
13.814,0.537,-4.346,run08,M2,P4
13.914,0.586,-2.686,run08,M2,P4
14.014,0.635,-2.149,run08,M2,P4
14.114,0.586,-2.979,run08,M2,P4
14.214,0.537,-4.786,run08,M2,P4
14.314,0.147,-6.544,run08,M2,P4
14.414,0.0,-7.227,run08,M2,P4
14.514,-0.293,-6.153,run08,M2,P4
14.615,-0.342,-4.59,run08,M2,P4
14.715,-0.195,-2.832,run08,M2,P4
14.815,-0.09767,-2.051,run08,M2,P4
14.915,0.147,-2.881,run08,M2,P4
15.015,0.244,-4.542,run08,M2,P4
15.115,0.537,-6.397,run08,M2,P4
15.215,0.635,-6.837,run08,M2,P4
15.315,0.537,-6.495,run08,M2,P4
15.415,0.44,-4.786,run08,M2,P4
15.515,-0.04883,-3.174,run08,M2,P4
15.616,0.0,-2.295,run08,M2,P4
15.716,-0.391,-2.832,run08,M2,P4
15.816,-0.488,-4.444,run08,M2,P4
15.916,-0.244,-6.104,run08,M2,P4
16.016,0.0,-6.788,run08,M2,P4
16.116,0.293,-6.3,run08,M2,P4
16.216,0.488,-4.786,run08,M2,P4
16.316,0.488,-3.174,run08,M2,P4
16.416,0.586,-2.344,run08,M2,P4
16.517,0.537,-2.979,run08,M2,P4
16.617,0.586,-4.346,run08,M2,P4
16.717,0.195,-6.202,run08,M2,P4
16.817,0.0,-6.983,run08,M2,P4
16.917,-0.195,-6.495,run08,M2,P4
17.017,-0.293,-4.981,run08,M2,P4
17.117,-0.342,-3.077,run08,M2,P4
17.217,-0.244,-2.246,run08,M2,P4
17.317,0.04883,-2.686,run08,M2,P4
17.417,0.293,-4.053,run08,M2,P4
17.517,0.44,-5.86,run08,M2,P4
17.618,0.537,-6.934,run08,M2,P4
17.718,0.537,-6.641,run08,M2,P4
17.818,0.391,-5.079,run08,M2,P4
17.918,-0.04883,-3.37,run08,M2,P4
18.018,-0.195,-2.393,run08,M2,P4
18.118,-0.244,-2.735,run08,M2,P4
18.218,-0.293,-4.053,run08,M2,P4
18.318,-0.293,-5.762,run08,M2,P4
18.418,-0.04883,-6.641,run08,M2,P4
18.518,0.195,-6.446,run08,M2,P4
18.619,0.391,-5.274,run08,M2,P4
18.719,0.391,-3.467,run08,M2,P4
18.819,0.44,-2.393,run08,M2,P4
18.919,0.488,-2.686,run08,M2,P4
19.019,0.342,-3.907,run08,M2,P4
19.119,0.244,-5.762,run08,M2,P4
19.219,0.195,-6.934,run08,M2,P4
19.319,-0.09767,-6.788,run08,M2,P4
19.419,-0.293,-5.323,run08,M2,P4
19.52,-0.195,-3.516,run08,M2,P4
19.62,-0.244,-2.442,run08,M2,P4
19.72,-0.09767,-2.637,run08,M2,P4
19.82,0.195,-3.711,run08,M2,P4
19.92,0.342,-5.372,run08,M2,P4
20.02,0.44,-6.544,run08,M2,P4
20.12,0.488,-6.739,run08,M2,P4
20.22,0.293,-5.469,run08,M2,P4
20.32,0.147,-3.711,run08,M2,P4
20.42,0.04883,-2.735,run08,M2,P4
20.52,-0.04883,-2.735,run08,M2,P4
20.621,-0.195,-3.809,run08,M2,P4
20.721,-0.195,-5.421,run08,M2,P4
20.821,-0.04883,-6.397,run08,M2,P4
20.921,0.04883,-6.495,run08,M2,P4
21.021,0.342,-5.372,run08,M2,P4
21.121,0.488,-3.858,run08,M2,P4
21.221,0.44,-2.588,run08,M2,P4
21.321,0.488,-2.442,run08,M2,P4
21.421,0.391,-3.565,run08,M2,P4
21.521,0.293,-5.469,run08,M2,P4
21.622,0.147,-6.69,run08,M2,P4
21.722,0.04883,-6.739,run08,M2,P4
21.822,-0.09767,-5.567,run08,M2,P4
21.922,-0.195,-4.004,run08,M2,P4
22.022,-0.195,-2.784,run08,M2,P4
22.122,-0.04883,-2.588,run08,M2,P4
22.222,0.244,-3.418,run08,M2,P4
22.322,0.293,-5.079,run08,M2,P4
22.422,0.537,-6.446,run08,M2,P4
22.523,0.488,-6.641,run08,M2,P4
22.623,0.44,-5.762,run08,M2,P4
22.723,0.342,-4.2,run08,M2,P4
22.823,0.09767,-2.979,run08,M2,P4
22.923,-0.04883,-2.588,run08,M2,P4
23.023,-0.147,-3.516,run08,M2,P4
23.123,-0.147,-5.03,run08,M2,P4
23.223,-0.09767,-6.3,run08,M2,P4
23.323,0.04883,-6.641,run08,M2,P4
23.423,0.147,-5.714,run08,M2,P4
23.523,0.44,-4.249,run08,M2,P4
23.624,0.391,-2.881,run08,M2,P4
23.724,0.391,-2.539,run08,M2,P4
23.824,0.342,-3.418,run08,M2,P4
23.924,0.391,-4.981,run08,M2,P4
24.024,0.195,-6.397,run08,M2,P4
24.124,-0.04883,-6.837,run08,M2,P4
24.224,-0.04883,-5.909,run08,M2,P4
24.324,-0.244,-4.395,run08,M2,P4
24.424,-0.147,-2.832,run08,M2,P4
24.524,-0.147,-2.539,run08,M2,P4
24.625,0.147,-3.174,run08,M2,P4
24.725,0.293,-4.688,run08,M2,P4
24.825,0.391,-6.202,run08,M2,P4
24.925,0.391,-6.544,run08,M2,P4
25.025,0.391,-6.104,run08,M2,P4
25.125,0.293,-4.493,run08,M2,P4
25.225,0.09767,-3.174,run08,M2,P4
25.325,0.04883,-2.539,run08,M2,P4
25.425,0.04883,-3.125,run08,M2,P4
25.526,-0.04883,-4.542,run08,M2,P4
25.626,-0.04883,-6.007,run08,M2,P4
25.726,-0.04883,-6.544,run08,M2,P4
25.826,0.147,-5.811,run08,M2,P4
25.926,0.195,-4.542,run08,M2,P4
26.026,0.244,-3.223,run08,M2,P4
26.126,0.293,-2.539,run08,M2,P4
26.226,0.391,-3.174,run08,M2,P4
26.326,0.342,-4.639,run08,M2,P4
26.426,0.195,-6.153,run08,M2,P4
26.526,0.09767,-6.837,run08,M2,P4
26.627,-0.09767,-6.202,run08,M2,P4
26.727,-0.09767,-4.688,run08,M2,P4
26.827,-0.09767,-3.37,run08,M2,P4
26.927,-0.09767,-2.686,run08,M2,P4
27.027,0.0,-2.979,run08,M2,P4
27.127,0.293,-4.395,run08,M2,P4
27.227,0.195,-5.762,run08,M2,P4
27.327,0.391,-6.495,run08,M2,P4
27.427,0.391,-6.104,run08,M2,P4
27.527,0.342,-4.883,run08,M2,P4
27.628,0.147,-3.516,run08,M2,P4
27.728,-0.09767,-2.637,run08,M2,P4
27.828,-0.09767,-3.321,run08,M2,P4
27.928,-0.04883,-4.493,run08,M2,P4
28.028,-0.147,-5.762,run08,M2,P4
28.128,-0.04883,-6.397,run08,M2,P4
28.228,0.147,-5.958,run08,M2,P4
28.328,0.147,-4.981,run08,M2,P4
28.428,0.195,-3.516,run08,M2,P4
28.529,0.293,-2.637,run08,M2,P4
28.629,0.342,-2.881,run08,M2,P4
28.729,0.342,-4.395,run08,M2,P4
28.829,0.244,-5.762,run08,M2,P4
28.929,0.09767,-6.495,run08,M2,P4
29.029,-0.04883,-6.3,run08,M2,P4
29.129,0.0,-4.932,run08,M2,P4
29.229,-0.04883,-3.663,run08,M2,P4
29.329,-0.09767,-2.735,run08,M2,P4
29.429,0.09767,-2.881,run08,M2,P4
29.529,0.195,-4.102,run08,M2,P4
29.63,0.244,-5.567,run08,M2,P4
29.73,0.391,-6.3,run08,M2,P4
29.83,0.391,-6.055,run08,M2,P4
29.93,0.293,-5.323,run08,M2,P4
30.03,0.195,-3.858,run08,M2,P4
30.13,0.09767,-2.881,run08,M2,P4
30.23,0.04883,-3.077,run08,M2,P4
30.33,-0.04883,-3.907,run08,M2,P4
30.43,-0.09767,-5.518,run08,M2,P4
30.53,0.0,-6.104,run08,M2,P4
30.631,0.04883,-6.153,run08,M2,P4
30.731,0.244,-5.225,run08,M2,P4
30.831,0.342,-3.858,run08,M2,P4
30.931,0.195,-2.832,run08,M2,P4
31.031,0.342,-2.979,run08,M2,P4
31.131,0.293,-4.102,run08,M2,P4
31.231,0.195,-5.616,run08,M2,P4
31.331,0.0,-6.593,run08,M2,P4
31.431,-0.04883,-6.397,run08,M2,P4
31.532,-0.04883,-5.518,run08,M2,P4
31.632,-0.09767,-3.858,run08,M2,P4
31.732,0.0,-2.832,run08,M2,P4
31.832,0.0,-2.881,run08,M2,P4
31.932,0.09767,-3.663,run08,M2,P4
32.032,0.147,-5.03,run08,M2,P4
32.132,0.195,-6.055,run08,M2,P4
32.232,0.293,-6.397,run08,M2,P4
32.332,0.195,-5.469,run08,M2,P4
32.432,0.195,-4.151,run08,M2,P4
32.532,0.04883,-2.979,run08,M2,P4
32.633,0.04883,-3.077,run08,M2,P4
32.733,0.04883,-3.711,run08,M2,P4
32.833,0.04883,-5.079,run08,M2,P4
32.933,0.0,-6.055,run08,M2,P4
33.033,0.09767,-6.251,run08,M2,P4
33.133,0.244,-5.323,run08,M2,P4
33.233,0.147,-3.956,run08,M2,P4
33.333,0.195,-2.979,run08,M2,P4
33.433,0.195,-2.784,run08,M2,P4
33.533,0.195,-3.614,run08,M2,P4
33.634,0.195,-5.03,run08,M2,P4
33.734,0.147,-6.153,run08,M2,P4
33.834,0.147,-6.397,run08,M2,P4
33.934,0.147,-5.567,run08,M2,P4
34.034,0.0,-4.2,run08,M2,P4
34.134,-0.04883,-3.028,run08,M2,P4
34.234,-0.04883,-2.832,run08,M2,P4
34.334,0.0,-3.516,run08,M2,P4
34.434,0.195,-4.835,run08,M2,P4
34.535,0.293,-5.86,run08,M2,P4
34.635,0.293,-6.202,run08,M2,P4
34.735,0.293,-5.665,run08,M2,P4
34.835,0.147,-4.395,run08,M2,P4
0.0,-0.09733,-8.906,run09,M2,P6
0.1,-0.292,-8.808,run09,M2,P6
0.2,-0.341,-8.857,run09,M2,P6
0.3,-0.341,-8.516,run09,M2,P6
0.4,-0.341,-7.105,run09,M2,P6
0.5,-0.195,-4.477,run09,M2,P6
0.601,0.09733,-2.141,run09,M2,P6
0.701,0.389,-1.411,run09,M2,P6
0.801,0.584,-2.579,run09,M2,P6
0.901,0.292,-4.818,run09,M2,P6
1.001,0.438,-6.862,run09,M2,P6
1.101,0.243,-8.224,run09,M2,P6
1.201,0.294,-7.416,run09,M2,P6
1.301,0.339,-5.381,run09,M2,P6
1.401,0.339,-2.894,run09,M2,P6
1.502,0.384,-1.763,run09,M2,P6
1.602,0.43,-2.261,run09,M2,P6
1.702,0.43,-4.25,run09,M2,P6
1.802,0.43,-6.647,run09,M2,P6
1.902,0.475,-8.003,run09,M2,P6
2.002,0.339,-7.506,run09,M2,P6
2.102,0.249,-5.607,run09,M2,P6
2.202,0.249,-3.437,run09,M2,P6
2.302,0.249,-1.899,run09,M2,P6
2.402,0.249,-2.125,run09,M2,P6
2.502,0.249,-3.798,run09,M2,P6
2.603,0.249,-6.15,run09,M2,P6
2.703,0.384,-7.913,run09,M2,P6
2.803,0.43,-7.958,run09,M2,P6
2.903,0.475,-6.421,run09,M2,P6
3.003,0.52,-4.07,run09,M2,P6
3.103,0.43,-2.397,run09,M2,P6
3.203,0.43,-1.99,run09,M2,P6
3.303,0.249,-3.21,run09,M2,P6
3.403,0.158,-5.471,run09,M2,P6
3.503,0.113,-7.144,run09,M2,P6
3.604,0.158,-7.777,run09,M2,P6
3.704,0.203,-6.783,run09,M2,P6
3.804,0.384,-4.703,run09,M2,P6
3.904,0.475,-2.803,run09,M2,P6
4.004,0.475,-2.306,run09,M2,P6
4.104,0.475,-2.984,run09,M2,P6
4.204,0.475,-4.974,run09,M2,P6
4.304,0.339,-6.783,run09,M2,P6
4.404,0.339,-7.642,run09,M2,P6
4.505,0.384,-6.873,run09,M2,P6
4.605,0.203,-5.11,run09,M2,P6
4.705,0.06783,-3.256,run09,M2,P6
4.805,0.06783,-2.261,run09,M2,P6
4.905,0.158,-2.758,run09,M2,P6
5.005,0.294,-4.431,run09,M2,P6
5.105,0.475,-6.33,run09,M2,P6
5.205,0.61,-7.551,run09,M2,P6
5.305,0.61,-7.37,run09,M2,P6
5.405,0.61,-5.697,run09,M2,P6
5.505,0.52,-3.753,run09,M2,P6
5.606,0.384,-2.532,run09,M2,P6
5.706,0.158,-2.532,run09,M2,P6
5.806,0.158,-3.843,run09,M2,P6
5.906,0.113,-5.743,run09,M2,P6
6.006,0.113,-7.099,run09,M2,P6
6.106,0.249,-7.28,run09,M2,P6
6.206,0.384,-6.104,run09,M2,P6
6.306,0.565,-4.296,run09,M2,P6
6.406,0.61,-2.894,run09,M2,P6
6.506,0.701,-2.623,run09,M2,P6
6.607,0.701,-3.617,run09,M2,P6
6.707,0.61,-5.381,run09,M2,P6
6.807,0.43,-6.828,run09,M2,P6
6.907,0.249,-7.235,run09,M2,P6
7.007,0.249,-6.376,run09,M2,P6
7.107,0.06783,-4.612,run09,M2,P6
7.207,0.113,-3.21,run09,M2,P6
7.307,0.158,-2.623,run09,M2,P6
7.407,0.249,-3.256,run09,M2,P6
7.508,0.339,-4.838,run09,M2,P6
7.608,0.52,-6.466,run09,M2,P6
7.708,0.565,-7.235,run09,M2,P6
7.808,0.61,-6.692,run09,M2,P6
7.908,0.656,-5.245,run09,M2,P6
8.008,0.43,-3.527,run09,M2,P6
8.108,0.339,-2.713,run09,M2,P6
8.208,0.249,-3.165,run09,M2,P6
8.308,0.06783,-4.477,run09,M2,P6
8.408,0.06783,-6.014,run09,M2,P6
8.508,0.06783,-6.963,run09,M2,P6
8.609,0.249,-6.918,run09,M2,P6
8.709,0.43,-5.697,run09,M2,P6
8.809,0.565,-3.979,run09,M2,P6
8.909,0.656,-3.075,run09,M2,P6
9.009,0.746,-2.939,run09,M2,P6
9.109,0.701,-4.16,run09,M2,P6
9.209,0.52,-5.607,run09,M2,P6
9.309,0.339,-6.783,run09,M2,P6
9.409,0.203,-6.873,run09,M2,P6
9.509,0.113,-5.833,run09,M2,P6
9.61,0.06783,-4.296,run09,M2,P6
9.71,0.113,-3.165,run09,M2,P6
9.81,0.203,-2.939,run09,M2,P6
9.91,0.339,-3.753,run09,M2,P6
10.01,0.475,-5.29,run09,M2,P6
10.11,0.565,-6.737,run09,M2,P6
10.21,0.61,-7.009,run09,M2,P6
10.31,0.61,-6.33,run09,M2,P6
10.41,0.475,-4.793,run09,M2,P6
10.511,0.384,-3.437,run09,M2,P6
10.611,0.249,-2.803,run09,M2,P6
10.711,0.158,-3.482,run09,M2,P6
10.811,0.06783,-4.883,run09,M2,P6
10.911,0.06783,-6.195,run09,M2,P6
11.011,0.158,-6.692,run09,M2,P6
11.111,0.339,-6.376,run09,M2,P6
11.211,0.52,-5.155,run09,M2,P6
11.311,0.656,-3.798,run09,M2,P6
11.411,0.61,-3.03,run09,M2,P6
11.511,0.656,-3.346,run09,M2,P6
11.612,0.565,-4.431,run09,M2,P6
11.712,0.43,-5.969,run09,M2,P6
11.812,0.294,-6.783,run09,M2,P6
11.912,0.158,-6.602,run09,M2,P6
12.012,0.02261,-5.471,run09,M2,P6
12.112,0.113,-4.115,run09,M2,P6
12.212,0.158,-3.165,run09,M2,P6
12.312,0.249,-3.256,run09,M2,P6
12.412,0.43,-4.296,run09,M2,P6
12.512,0.475,-5.697,run09,M2,P6
12.613,0.565,-6.692,run09,M2,P6
12.713,0.61,-6.737,run09,M2,P6
12.813,0.475,-5.833,run09,M2,P6
12.913,0.384,-4.386,run09,M2,P6
13.013,0.203,-3.437,run09,M2,P6
13.113,0.113,-3.256,run09,M2,P6
13.213,0.06783,-4.07,run09,M2,P6
13.313,-0.02261,-5.2,run09,M2,P6
13.413,0.158,-6.421,run09,M2,P6
13.514,0.249,-6.737,run09,M2,P6
13.614,0.43,-6.104,run09,M2,P6
13.714,0.52,-4.793,run09,M2,P6
13.814,0.61,-3.617,run09,M2,P6
13.914,0.61,-3.165,run09,M2,P6
14.014,0.565,-3.753,run09,M2,P6
14.114,0.43,-4.883,run09,M2,P6
14.214,0.339,-6.15,run09,M2,P6
14.314,0.203,-6.511,run09,M2,P6
14.414,0.06783,-6.15,run09,M2,P6
14.514,0.02261,-5.064,run09,M2,P6
14.615,0.06783,-3.798,run09,M2,P6
14.715,0.158,-3.21,run09,M2,P6
14.815,0.294,-3.617,run09,M2,P6
14.915,0.384,-4.657,run09,M2,P6
15.015,0.565,-5.833,run09,M2,P6
15.115,0.52,-6.556,run09,M2,P6
15.215,0.52,-6.376,run09,M2,P6
15.315,0.52,-5.381,run09,M2,P6
15.415,0.294,-4.07,run09,M2,P6
15.515,0.113,-3.21,run09,M2,P6
15.616,0.06783,-3.391,run09,M2,P6
15.716,0.06783,-4.386,run09,M2,P6
15.816,0.158,-5.336,run09,M2,P6
15.916,0.158,-6.421,run09,M2,P6
16.016,0.294,-6.376,run09,M2,P6
16.116,0.43,-5.652,run09,M2,P6
16.216,0.565,-4.386,run09,M2,P6
16.316,0.746,-3.708,run09,M2,P6
16.416,0.746,-3.437,run09,M2,P6
16.517,0.565,-4.16,run09,M2,P6
16.617,0.384,-5.2,run09,M2,P6
16.717,0.249,-6.014,run09,M2,P6
16.817,0.203,-6.376,run09,M2,P6
16.917,0.06783,-5.697,run09,M2,P6
17.017,0.06783,-4.567,run09,M2,P6
17.117,0.113,-3.572,run09,M2,P6
17.217,0.249,-3.437,run09,M2,P6
17.317,0.43,-3.843,run09,M2,P6
17.417,0.52,-4.974,run09,M2,P6
17.517,0.565,-6.195,run09,M2,P6
17.618,0.565,-6.511,run09,M2,P6
17.718,0.565,-6.104,run09,M2,P6
17.818,0.43,-4.974,run09,M2,P6
17.918,0.249,-3.798,run09,M2,P6
18.018,0.158,-3.256,run09,M2,P6
18.118,0.02261,-3.753,run09,M2,P6
18.218,0.06783,-4.657,run09,M2,P6
18.318,0.158,-5.697,run09,M2,P6
18.418,0.294,-6.33,run09,M2,P6
18.518,0.43,-6.24,run09,M2,P6
18.619,0.52,-5.471,run09,M2,P6
18.719,0.701,-4.205,run09,M2,P6
18.819,0.701,-3.663,run09,M2,P6
18.919,0.656,-3.708,run09,M2,P6
19.019,0.565,-4.522,run09,M2,P6
19.119,0.384,-5.516,run09,M2,P6
19.219,0.203,-6.15,run09,M2,P6
19.319,0.113,-6.24,run09,M2,P6
19.419,0.113,-5.471,run09,M2,P6
19.52,0.06783,-4.477,run09,M2,P6
19.62,0.158,-3.572,run09,M2,P6
19.72,0.384,-3.437,run09,M2,P6
19.82,0.475,-4.205,run09,M2,P6
19.92,0.656,-5.245,run09,M2,P6
20.02,0.61,-6.014,run09,M2,P6
20.12,0.565,-6.285,run09,M2,P6
20.22,0.43,-5.697,run09,M2,P6
20.32,0.294,-4.477,run09,M2,P6
20.42,0.203,-3.708,run09,M2,P6
20.52,0.06783,-3.437,run09,M2,P6
20.621,0.113,-3.979,run09,M2,P6
20.721,0.113,-4.838,run09,M2,P6
20.821,0.158,-5.788,run09,M2,P6
20.921,0.294,-6.285,run09,M2,P6
21.021,0.565,-5.788,run09,M2,P6
21.121,0.565,-5.11,run09,M2,P6
21.221,0.565,-4.205,run09,M2,P6
21.321,0.565,-3.708,run09,M2,P6
21.421,0.565,-4.024,run09,M2,P6
21.521,0.43,-4.748,run09,M2,P6
21.622,0.249,-5.607,run09,M2,P6
21.722,0.203,-6.059,run09,M2,P6
21.822,0.113,-5.743,run09,M2,P6
21.922,0.06783,-5.11,run09,M2,P6
22.022,0.158,-4.16,run09,M2,P6
22.122,0.339,-3.663,run09,M2,P6
22.222,0.43,-3.934,run09,M2,P6
22.322,0.52,-4.567,run09,M2,P6
22.422,0.61,-5.607,run09,M2,P6
22.523,0.61,-6.195,run09,M2,P6
22.623,0.52,-6.104,run09,M2,P6
22.723,0.43,-5.381,run09,M2,P6
22.823,0.294,-4.205,run09,M2,P6
22.923,0.113,-3.617,run09,M2,P6
23.023,0.06783,-3.617,run09,M2,P6
23.123,0.113,-4.296,run09,M2,P6
23.223,0.158,-5.155,run09,M2,P6
23.323,0.294,-5.923,run09,M2,P6
23.423,0.475,-6.104,run09,M2,P6
23.523,0.565,-5.516,run09,M2,P6
23.624,0.701,-4.567,run09,M2,P6
23.724,0.701,-3.889,run09,M2,P6
23.824,0.61,-3.663,run09,M2,P6
23.924,0.43,-4.07,run09,M2,P6
24.024,0.294,-5.064,run09,M2,P6
24.124,0.158,-5.788,run09,M2,P6
24.224,0.113,-6.059,run09,M2,P6
24.324,0.113,-5.652,run09,M2,P6
24.424,0.158,-4.838,run09,M2,P6
24.524,0.294,-4.16,run09,M2,P6
24.625,0.43,-3.753,run09,M2,P6
24.725,0.52,-4.16,run09,M2,P6
24.825,0.656,-4.929,run09,M2,P6
24.925,0.656,-5.833,run09,M2,P6
25.025,0.61,-6.24,run09,M2,P6
25.125,0.475,-5.969,run09,M2,P6
25.225,0.384,-5.11,run09,M2,P6
25.325,0.249,-4.341,run09,M2,P6
25.425,0.06783,-3.663,run09,M2,P6
25.526,0.06783,-3.889,run09,M2,P6
25.626,0.113,-4.657,run09,M2,P6
25.726,0.249,-5.516,run09,M2,P6
25.826,0.384,-5.969,run09,M2,P6
25.926,0.52,-6.014,run09,M2,P6
26.026,0.61,-5.426,run09,M2,P6
26.126,0.701,-4.522,run09,M2,P6
26.226,0.565,-3.843,run09,M2,P6
26.326,0.52,-3.889,run09,M2,P6
26.426,0.384,-4.477,run09,M2,P6
26.526,0.203,-5.29,run09,M2,P6
26.627,0.158,-5.788,run09,M2,P6
26.727,0.113,-5.878,run09,M2,P6
26.827,0.203,-5.426,run09,M2,P6
26.927,0.294,-4.612,run09,M2,P6
27.027,0.43,-3.889,run09,M2,P6
27.127,0.43,-3.889,run09,M2,P6
27.227,0.61,-4.386,run09,M2,P6
27.327,0.61,-5.11,run09,M2,P6
27.427,0.61,-6.014,run09,M2,P6
27.527,0.52,-6.059,run09,M2,P6
27.628,0.384,-5.652,run09,M2,P6
27.728,0.249,-4.838,run09,M2,P6
27.828,0.113,-4.205,run09,M2,P6
27.928,0.113,-3.843,run09,M2,P6
28.028,0.158,-4.115,run09,M2,P6
28.128,0.249,-4.838,run09,M2,P6
28.228,0.294,-5.652,run09,M2,P6
28.328,0.43,-5.878,run09,M2,P6
28.428,0.61,-5.697,run09,M2,P6
28.529,0.701,-5.064,run09,M2,P6
28.629,0.656,-4.341,run09,M2,P6
28.729,0.52,-3.979,run09,M2,P6
28.829,0.384,-4.115,run09,M2,P6
28.929,0.294,-4.703,run09,M2,P6
29.029,0.203,-5.471,run09,M2,P6
29.129,0.158,-5.697,run09,M2,P6
29.229,0.158,-5.697,run09,M2,P6
29.329,0.158,-5.11,run09,M2,P6
29.429,0.339,-4.341,run09,M2,P6
29.529,0.43,-4.07,run09,M2,P6
29.63,0.565,-4.07,run09,M2,P6
29.73,0.61,-4.567,run09,M2,P6
29.83,0.61,-5.426,run09,M2,P6
29.93,0.52,-5.833,run09,M2,P6
30.03,0.384,-5.833,run09,M2,P6
30.13,0.249,-5.245,run09,M2,P6
30.23,0.158,-4.296,run09,M2,P6
30.33,0.113,-3.979,run09,M2,P6
30.43,0.113,-3.889,run09,M2,P6
30.53,0.203,-4.296,run09,M2,P6
30.631,0.339,-5.064,run09,M2,P6
30.731,0.384,-5.833,run09,M2,P6
30.831,0.565,-5.969,run09,M2,P6
30.931,0.746,-5.562,run09,M2,P6
31.031,0.656,-5.019,run09,M2,P6
31.131,0.565,-4.341,run09,M2,P6
31.231,0.43,-3.843,run09,M2,P6
31.331,0.384,-4.386,run09,M2,P6
31.431,0.294,-4.883,run09,M2,P6
31.532,0.113,-5.516,run09,M2,P6
31.632,0.113,-5.923,run09,M2,P6
31.732,0.294,-5.562,run09,M2,P6
31.832,0.339,-4.793,run09,M2,P6
31.932,0.43,-4.205,run09,M2,P6
32.032,0.475,-4.024,run09,M2,P6
32.132,0.61,-4.341,run09,M2,P6
32.232,0.701,-4.838,run09,M2,P6
32.332,0.61,-5.426,run09,M2,P6
32.432,0.52,-5.833,run09,M2,P6
32.532,0.43,-5.788,run09,M2,P6
32.633,0.203,-5.019,run09,M2,P6
32.733,0.158,-4.25,run09,M2,P6
32.833,0.158,-3.889,run09,M2,P6
32.933,0.249,-4.205,run09,M2,P6
33.033,0.249,-4.612,run09,M2,P6
33.133,0.294,-5.11,run09,M2,P6
33.233,0.43,-5.652,run09,M2,P6
33.333,0.61,-5.743,run09,M2,P6
33.433,0.701,-5.29,run09,M2,P6
33.533,0.565,-4.567,run09,M2,P6
33.634,0.43,-4.07,run09,M2,P6
33.734,0.294,-4.024,run09,M2,P6
33.834,0.294,-4.431,run09,M2,P6
33.934,0.203,-5.11,run09,M2,P6
34.034,0.158,-5.607,run09,M2,P6
34.134,0.158,-5.697,run09,M2,P6
34.234,0.249,-5.336,run09,M2,P6
34.334,0.475,-4.477,run09,M2,P6
34.434,0.52,-3.979,run09,M2,P6
34.535,0.61,-3.934,run09,M2,P6
34.635,0.61,-4.477,run09,M2,P6
34.735,0.565,-5.019,run09,M2,P6
34.835,0.384,-5.471,run09,M2,P6
0.0,-0.746,-6.468,run10,M2,P2
0.1,-0.384,-3.709,run10,M2,P2
0.2,-0.113,-1.493,run10,M2,P2
0.3,0.249,-0.95,run10,M2,P2
0.4,0.52,-2.533,run10,M2,P2
0.5,0.746,-4.93,run10,M2,P2
0.601,0.656,-7.056,run10,M2,P2
0.701,0.384,-7.78,run10,M2,P2
0.801,-0.06784,-6.377,run10,M2,P2
0.901,-0.475,-3.754,run10,M2,P2
1.001,-0.701,-1.583,run10,M2,P2
1.101,-0.701,-1.131,run10,M2,P2
1.201,-0.837,-2.714,run10,M2,P2
1.301,-0.656,-5.292,run10,M2,P2
1.401,-0.249,-7.237,run10,M2,P2
1.502,0.158,-7.418,run10,M2,P2
1.602,0.52,-5.97,run10,M2,P2
1.702,0.746,-3.528,run10,M2,P2
1.802,0.746,-1.493,run10,M2,P2
1.902,0.565,-0.95,run10,M2,P2
2.002,0.565,-2.352,run10,M2,P2
2.102,0.294,-5.111,run10,M2,P2
2.202,-0.113,-7.372,run10,M2,P2
2.302,-0.384,-7.915,run10,M2,P2
2.402,-0.656,-6.377,run10,M2,P2
2.502,-0.656,-3.799,run10,M2,P2
2.603,-0.384,-1.447,run10,M2,P2
2.703,-0.113,-0.95,run10,M2,P2
2.803,0.204,-2.533,run10,M2,P2
2.903,0.475,-5.111,run10,M2,P2
3.003,0.656,-7.146,run10,M2,P2
3.103,0.611,-7.508,run10,M2,P2
3.203,0.294,-6.106,run10,M2,P2
3.303,-0.06784,-3.573,run10,M2,P2
3.403,-0.52,-1.583,run10,M2,P2
3.503,-0.701,-1.312,run10,M2,P2
3.604,-1.018,-2.714,run10,M2,P2
3.704,-0.837,-5.428,run10,M2,P2
3.804,-0.52,-7.372,run10,M2,P2
3.904,-0.06784,-7.508,run10,M2,P2
4.004,0.384,-5.925,run10,M2,P2
4.104,0.43,-3.211,run10,M2,P2
4.204,0.611,-1.538,run10,M2,P2
4.304,0.565,-1.131,run10,M2,P2
4.404,0.384,-2.578,run10,M2,P2
4.505,0.384,-5.111,run10,M2,P2
4.605,0.02261,-7.282,run10,M2,P2
4.705,-0.475,-7.78,run10,M2,P2
4.805,-0.746,-6.151,run10,M2,P2
4.905,-0.792,-3.664,run10,M2,P2
5.005,-0.656,-1.538,run10,M2,P2
5.105,-0.43,-1.221,run10,M2,P2
5.205,-0.113,-2.804,run10,M2,P2
5.305,0.43,-5.382,run10,M2,P2
5.405,0.611,-6.965,run10,M2,P2
5.505,0.611,-7.418,run10,M2,P2
5.606,0.384,-5.97,run10,M2,P2
5.706,0.113,-3.483,run10,M2,P2
5.806,-0.294,-1.447,run10,M2,P2
5.906,-0.52,-1.266,run10,M2,P2
6.006,-0.656,-3.03,run10,M2,P2
6.106,-0.701,-5.563,run10,M2,P2
6.206,-0.565,-7.463,run10,M2,P2
6.306,-0.158,-7.599,run10,M2,P2
6.406,0.294,-5.789,run10,M2,P2
6.506,0.52,-3.211,run10,M2,P2
6.607,0.43,-1.402,run10,M2,P2
6.707,0.43,-1.312,run10,M2,P2
6.807,0.565,-2.849,run10,M2,P2
6.907,0.43,-5.337,run10,M2,P2
7.007,0.06784,-7.327,run10,M2,P2
7.107,-0.294,-7.463,run10,M2,P2
7.207,-0.656,-5.925,run10,M2,P2
7.307,-0.746,-3.483,run10,M2,P2
7.407,-0.656,-1.628,run10,M2,P2
7.508,-0.52,-1.266,run10,M2,P2
7.608,-0.113,-2.985,run10,M2,P2
7.708,0.249,-5.337,run10,M2,P2
7.808,0.43,-7.146,run10,M2,P2
7.908,0.52,-7.282,run10,M2,P2
8.008,0.43,-5.654,run10,M2,P2
8.108,0.339,-3.257,run10,M2,P2
8.208,-0.02261,-1.538,run10,M2,P2
8.308,-0.249,-1.312,run10,M2,P2
8.408,-0.475,-3.076,run10,M2,P2
8.508,-0.565,-5.563,run10,M2,P2
8.609,-0.475,-7.553,run10,M2,P2
8.709,-0.204,-7.508,run10,M2,P2
8.809,0.06784,-5.699,run10,M2,P2
8.909,0.249,-3.211,run10,M2,P2
9.009,0.43,-1.447,run10,M2,P2
9.109,0.43,-1.447,run10,M2,P2
9.209,0.52,-3.121,run10,M2,P2
9.309,0.475,-5.382,run10,M2,P2
9.409,0.249,-7.192,run10,M2,P2
9.509,-0.158,-7.372,run10,M2,P2
9.61,-0.565,-5.654,run10,M2,P2
9.71,-0.701,-3.302,run10,M2,P2
9.81,-0.701,-1.493,run10,M2,P2
9.91,-0.611,-1.493,run10,M2,P2
10.01,-0.294,-3.211,run10,M2,P2
10.11,-0.02261,-5.518,run10,M2,P2
10.21,0.294,-7.237,run10,M2,P2
10.31,0.52,-7.101,run10,M2,P2
10.41,0.475,-5.428,run10,M2,P2
10.511,0.294,-2.985,run10,M2,P2
10.611,0.02261,-1.493,run10,M2,P2
10.711,-0.204,-1.493,run10,M2,P2
10.811,-0.43,-3.257,run10,M2,P2
10.911,-0.52,-5.789,run10,M2,P2
11.011,-0.52,-7.599,run10,M2,P2
11.111,-0.475,-7.508,run10,M2,P2
11.211,-0.113,-5.609,run10,M2,P2
11.311,0.158,-3.166,run10,M2,P2
11.411,0.249,-1.493,run10,M2,P2
11.511,0.384,-1.583,run10,M2,P2
11.612,0.475,-3.257,run10,M2,P2
11.712,0.43,-5.654,run10,M2,P2
11.812,0.294,-7.282,run10,M2,P2
11.912,-0.02261,-7.192,run10,M2,P2
12.012,-0.475,-5.518,run10,M2,P2
12.112,-0.656,-3.076,run10,M2,P2
12.212,-0.792,-1.402,run10,M2,P2
12.312,-0.611,-1.674,run10,M2,P2
12.412,-0.43,-3.483,run10,M2,P2
12.512,-0.06784,-5.925,run10,M2,P2
12.613,0.384,-7.372,run10,M2,P2
12.713,0.384,-7.056,run10,M2,P2
12.813,0.611,-5.201,run10,M2,P2
12.913,0.294,-3.03,run10,M2,P2
13.013,0.204,-1.402,run10,M2,P2
13.113,0.06784,-1.583,run10,M2,P2
13.213,-0.204,-3.437,run10,M2,P2
13.313,-0.384,-5.88,run10,M2,P2
13.413,-0.52,-7.599,run10,M2,P2
13.514,-0.43,-7.372,run10,M2,P2
13.614,-0.204,-5.337,run10,M2,P2
13.714,0.02261,-2.94,run10,M2,P2
13.814,0.113,-1.493,run10,M2,P2
13.914,0.339,-1.583,run10,M2,P2
14.014,0.475,-3.392,run10,M2,P2
14.114,0.475,-5.563,run10,M2,P2
14.214,0.384,-7.192,run10,M2,P2
14.314,0.158,-7.011,run10,M2,P2
14.414,-0.294,-5.201,run10,M2,P2
14.514,-0.611,-2.849,run10,M2,P2
14.615,-0.746,-1.447,run10,M2,P2
14.715,-0.656,-1.764,run10,M2,P2
14.815,-0.43,-3.799,run10,M2,P2
14.915,-0.06784,-5.97,run10,M2,P2
15.015,0.249,-7.463,run10,M2,P2
15.115,0.384,-6.965,run10,M2,P2
15.215,0.611,-5.156,run10,M2,P2
15.315,0.384,-2.94,run10,M2,P2
15.415,0.294,-1.447,run10,M2,P2
15.515,0.02261,-1.764,run10,M2,P2
15.616,0.02261,-3.664,run10,M2,P2
15.716,-0.294,-6.061,run10,M2,P2
15.816,-0.475,-7.553,run10,M2,P2
15.916,-0.475,-7.101,run10,M2,P2
16.016,-0.43,-5.201,run10,M2,P2
16.116,-0.158,-2.94,run10,M2,P2
16.216,0.06784,-1.583,run10,M2,P2
16.316,0.204,-1.764,run10,M2,P2
16.416,0.475,-3.709,run10,M2,P2
16.517,0.475,-5.789,run10,M2,P2
16.617,0.43,-7.146,run10,M2,P2
16.717,0.113,-6.965,run10,M2,P2
16.817,-0.249,-4.93,run10,M2,P2
16.917,-0.52,-2.669,run10,M2,P2
17.017,-0.656,-1.447,run10,M2,P2
17.117,-0.656,-1.854,run10,M2,P2
17.217,-0.475,-4.025,run10,M2,P2
17.317,-0.204,-6.196,run10,M2,P2
17.417,0.113,-7.418,run10,M2,P2
17.517,0.294,-6.92,run10,M2,P2
17.618,0.565,-4.93,run10,M2,P2
17.718,0.52,-2.669,run10,M2,P2
17.818,0.294,-1.628,run10,M2,P2
17.918,0.204,-1.809,run10,M2,P2
18.018,0.06784,-3.845,run10,M2,P2
18.118,-0.249,-6.106,run10,M2,P2
18.218,-0.294,-7.463,run10,M2,P2
18.318,-0.475,-7.056,run10,M2,P2
18.418,-0.339,-4.975,run10,M2,P2
18.518,-0.249,-2.849,run10,M2,P2
18.619,-0.02261,-1.628,run10,M2,P2
18.719,0.249,-1.99,run10,M2,P2
18.819,0.384,-4.025,run10,M2,P2
18.919,0.475,-6.106,run10,M2,P2
19.019,0.294,-7.101,run10,M2,P2
19.119,0.158,-6.83,run10,M2,P2
19.219,-0.158,-4.794,run10,M2,P2
19.319,-0.384,-2.669,run10,M2,P2
19.419,-0.611,-1.357,run10,M2,P2
19.52,-0.611,-2.126,run10,M2,P2
19.62,-0.565,-4.071,run10,M2,P2
19.72,-0.249,-6.332,run10,M2,P2
19.82,0.02261,-7.463,run10,M2,P2
19.92,0.339,-6.694,run10,M2,P2
20.02,0.52,-4.749,run10,M2,P2
20.12,0.294,-2.442,run10,M2,P2
20.22,0.204,-1.357,run10,M2,P2
20.32,0.249,-1.99,run10,M2,P2
20.42,0.113,-4.071,run10,M2,P2
20.52,-0.06784,-6.242,run10,M2,P2
20.621,-0.249,-7.463,run10,M2,P2
20.721,-0.339,-6.92,run10,M2,P2
20.821,-0.384,-4.749,run10,M2,P2
20.921,-0.339,-2.623,run10,M2,P2
21.021,-0.158,-1.538,run10,M2,P2
21.121,0.113,-2.216,run10,M2,P2
21.221,0.294,-4.252,run10,M2,P2
21.321,0.339,-6.242,run10,M2,P2
21.421,0.294,-7.237,run10,M2,P2
21.521,0.158,-6.468,run10,M2,P2
21.622,-0.113,-4.568,run10,M2,P2
21.722,-0.384,-2.352,run10,M2,P2
21.822,-0.52,-1.357,run10,M2,P2
21.922,-0.565,-2.216,run10,M2,P2
22.022,-0.43,-4.206,run10,M2,P2
22.122,-0.43,-6.468,run10,M2,P2
22.222,-0.02261,-7.553,run10,M2,P2
22.322,0.204,-6.604,run10,M2,P2
22.422,0.294,-4.613,run10,M2,P2
22.523,0.339,-2.397,run10,M2,P2
22.623,0.294,-1.447,run10,M2,P2
22.723,0.249,-2.171,run10,M2,P2
22.823,0.158,-4.116,run10,M2,P2
22.923,-0.06784,-6.332,run10,M2,P2
23.023,-0.204,-7.327,run10,M2,P2
23.123,-0.475,-6.513,run10,M2,P2
23.223,-0.43,-4.613,run10,M2,P2
23.323,-0.475,-2.352,run10,M2,P2
23.423,-0.249,-1.538,run10,M2,P2
23.523,0.02261,-2.261,run10,M2,P2
23.624,0.204,-4.342,run10,M2,P2
23.724,0.339,-6.423,run10,M2,P2
23.824,0.475,-7.192,run10,M2,P2
23.924,0.204,-6.377,run10,M2,P2
24.024,0.02261,-4.387,run10,M2,P2
24.124,-0.339,-2.216,run10,M2,P2
24.224,-0.52,-1.538,run10,M2,P2
24.324,-0.475,-2.307,run10,M2,P2
24.424,-0.475,-4.659,run10,M2,P2
24.524,-0.249,-6.649,run10,M2,P2
24.625,-0.113,-7.418,run10,M2,P2
24.725,0.249,-6.468,run10,M2,P2
24.825,0.384,-4.252,run10,M2,P2
24.925,0.249,-2.171,run10,M2,P2
25.025,0.384,-1.493,run10,M2,P2
25.125,0.294,-2.307,run10,M2,P2
25.225,0.158,-4.387,run10,M2,P2
25.325,0.02261,-6.423,run10,M2,P2
25.425,-0.158,-7.146,run10,M2,P2
25.526,-0.43,-6.287,run10,M2,P2
25.626,-0.475,-4.252,run10,M2,P2
25.726,-0.43,-2.216,run10,M2,P2
25.826,-0.339,-1.583,run10,M2,P2
25.926,-0.158,-2.488,run10,M2,P2
26.026,0.113,-4.523,run10,M2,P2
26.126,0.43,-6.604,run10,M2,P2
26.226,0.43,-7.146,run10,M2,P2
26.326,0.294,-6.106,run10,M2,P2
26.426,0.02261,-4.071,run10,M2,P2
26.526,-0.249,-2.171,run10,M2,P2
26.627,-0.384,-1.493,run10,M2,P2
26.727,-0.43,-2.488,run10,M2,P2
26.827,-0.43,-4.659,run10,M2,P2
26.927,-0.339,-6.739,run10,M2,P2
27.027,-0.113,-7.372,run10,M2,P2
27.127,0.158,-6.242,run10,M2,P2
27.227,0.249,-4.071,run10,M2,P2
27.327,0.339,-2.171,run10,M2,P2
27.427,0.294,-1.493,run10,M2,P2
27.527,0.339,-2.488,run10,M2,P2
27.628,0.204,-4.568,run10,M2,P2
27.728,0.113,-6.468,run10,M2,P2
27.828,-0.113,-7.101,run10,M2,P2
27.928,-0.43,-6.423,run10,M2,P2
28.028,-0.43,-4.161,run10,M2,P2
28.128,-0.43,-2.081,run10,M2,P2
28.228,-0.294,-1.583,run10,M2,P2
28.328,-0.158,-2.669,run10,M2,P2
28.428,0.204,-4.84,run10,M2,P2
28.529,0.339,-6.694,run10,M2,P2
28.629,0.43,-7.146,run10,M2,P2
28.729,0.339,-6.016,run10,M2,P2
28.829,0.158,-3.935,run10,M2,P2
28.929,-0.113,-2.216,run10,M2,P2
29.029,-0.294,-1.493,run10,M2,P2
29.129,-0.384,-2.669,run10,M2,P2
29.229,-0.565,-4.885,run10,M2,P2
29.329,-0.294,-6.83,run10,M2,P2
29.429,-0.06784,-7.463,run10,M2,P2
29.529,0.06784,-6.196,run10,M2,P2
29.63,0.294,-3.799,run10,M2,P2
29.73,0.294,-1.945,run10,M2,P2
29.83,0.294,-1.538,run10,M2,P2
29.93,0.204,-2.759,run10,M2,P2
30.03,0.158,-4.885,run10,M2,P2
30.13,0.06784,-6.649,run10,M2,P2
30.23,-0.06784,-7.011,run10,M2,P2
30.33,-0.294,-5.925,run10,M2,P2
30.43,-0.384,-3.89,run10,M2,P2
30.53,-0.475,-1.945,run10,M2,P2
30.631,-0.384,-1.719,run10,M2,P2
30.731,-0.158,-2.895,run10,M2,P2
30.831,0.113,-5.111,run10,M2,P2
30.931,0.249,-6.739,run10,M2,P2
31.031,0.339,-7.056,run10,M2,P2
31.131,0.475,-5.835,run10,M2,P2
31.231,0.113,-3.573,run10,M2,P2
31.331,-0.113,-1.9,run10,M2,P2
31.431,-0.204,-1.583,run10,M2,P2
31.532,-0.339,-2.804,run10,M2,P2
31.632,-0.384,-5.021,run10,M2,P2
31.732,-0.339,-6.739,run10,M2,P2
31.832,-0.158,-7.192,run10,M2,P2
31.932,0.02261,-5.789,run10,M2,P2
32.032,0.158,-3.709,run10,M2,P2
32.132,0.249,-1.9,run10,M2,P2
32.232,0.249,-1.674,run10,M2,P2
32.332,0.249,-2.94,run10,M2,P2
32.432,0.339,-5.111,run10,M2,P2
32.532,0.158,-6.604,run10,M2,P2
32.633,-0.02261,-6.875,run10,M2,P2
32.733,-0.294,-5.699,run10,M2,P2
32.833,-0.475,-3.618,run10,M2,P2
32.933,-0.52,-2.126,run10,M2,P2
33.033,-0.384,-1.809,run10,M2,P2
33.133,-0.294,-3.076,run10,M2,P2
33.233,0.02261,-5.156,run10,M2,P2
33.333,0.204,-6.875,run10,M2,P2
33.433,0.43,-7.101,run10,M2,P2
33.533,0.249,-5.428,run10,M2,P2
33.634,0.204,-3.347,run10,M2,P2
33.734,-0.02261,-1.945,run10,M2,P2
33.834,-0.113,-1.719,run10,M2,P2
33.934,-0.294,-3.076,run10,M2,P2
34.034,-0.339,-5.247,run10,M2,P2
34.134,-0.384,-6.739,run10,M2,P2
34.234,-0.294,-7.056,run10,M2,P2
34.334,0.06784,-5.428,run10,M2,P2
34.434,0.113,-3.392,run10,M2,P2
34.535,0.294,-1.9,run10,M2,P2
34.635,0.384,-1.674,run10,M2,P2
34.735,0.339,-3.166,run10,M2,P2
34.835,0.384,-5.201,run10,M2,P2
0.0,4.55,-22.43,run11,M3,P0
0.1,4.843,-19.84,run11,M3,P0
0.2,5.185,-18.38,run11,M3,P0
0.3,5.527,-18.77,run11,M3,P0
0.4,5.82,-20.53,run11,M3,P0
0.5,5.966,-23.16,run11,M3,P0
0.601,5.868,-25.12,run11,M3,P0
0.701,5.673,-25.56,run11,M3,P0
0.801,5.136,-24.04,run11,M3,P0
0.901,4.697,-21.46,run11,M3,P0
1.001,4.404,-19.26,run11,M3,P0
1.101,4.257,-18.33,run11,M3,P0
1.201,4.16,-19.36,run11,M3,P0
1.301,4.257,-21.8,run11,M3,P0
1.401,4.599,-24.09,run11,M3,P0
1.502,5.234,-25.26,run11,M3,P0
1.602,5.722,-24.53,run11,M3,P0
1.702,5.966,-22.53,run11,M3,P0
1.802,5.917,-20.28,run11,M3,P0
1.902,5.771,-18.58,run11,M3,P0
2.002,5.673,-18.58,run11,M3,P0
2.102,5.234,-20.24,run11,M3,P0
2.202,4.99,-22.82,run11,M3,P0
2.302,4.502,-24.92,run11,M3,P0
2.402,4.355,-25.51,run11,M3,P0
2.502,4.502,-24.04,run11,M3,P0
2.603,4.697,-21.75,run11,M3,P0
2.703,4.892,-19.45,run11,M3,P0
2.803,5.234,-18.28,run11,M3,P0
2.903,5.527,-19.06,run11,M3,P0
3.003,5.82,-21.16,run11,M3,P0
3.103,5.868,-23.6,run11,M3,P0
3.203,5.673,-25.21,run11,M3,P0
3.303,5.234,-25.12,run11,M3,P0
3.403,4.843,-23.36,run11,M3,P0
3.503,4.453,-20.87,run11,M3,P0
3.604,4.257,-18.82,run11,M3,P0
3.704,4.257,-18.38,run11,M3,P0
3.804,4.257,-19.89,run11,M3,P0
3.904,4.648,-22.19,run11,M3,P0
4.004,4.941,-24.29,run11,M3,P0
4.104,5.576,-24.82,run11,M3,P0
4.204,5.82,-24.09,run11,M3,P0
4.304,5.868,-21.99,run11,M3,P0
4.404,5.82,-19.75,run11,M3,P0
4.505,5.624,-18.58,run11,M3,P0
4.605,5.478,-18.87,run11,M3,P0
4.705,4.843,-21.02,run11,M3,P0
4.805,4.746,-23.56,run11,M3,P0
4.905,4.502,-25.31,run11,M3,P0
5.005,4.502,-25.31,run11,M3,P0
5.105,4.697,-23.56,run11,M3,P0
5.205,4.941,-21.02,run11,M3,P0
5.305,5.185,-18.92,run11,M3,P0
5.405,5.429,-18.38,run11,M3,P0
5.505,5.673,-19.45,run11,M3,P0
5.606,5.82,-21.85,run11,M3,P0
5.706,5.722,-24.04,run11,M3,P0
5.806,5.673,-25.26,run11,M3,P0
5.906,5.039,-24.58,run11,M3,P0
6.006,4.599,-22.48,run11,M3,P0
6.106,4.306,-19.94,run11,M3,P0
6.206,4.306,-18.53,run11,M3,P0
6.306,4.257,-18.48,run11,M3,P0
6.406,4.453,-20.38,run11,M3,P0
6.506,4.843,-22.77,run11,M3,P0
6.607,5.234,-24.97,run11,M3,P0
6.707,5.576,-25.17,run11,M3,P0
6.807,5.917,-23.56,run11,M3,P0
6.907,5.722,-21.31,run11,M3,P0
7.007,5.722,-19.16,run11,M3,P0
7.107,5.38,-18.33,run11,M3,P0
7.207,5.087,-19.31,run11,M3,P0
7.307,4.794,-21.55,run11,M3,P0
7.407,4.502,-24.29,run11,M3,P0
7.508,4.502,-25.21,run11,M3,P0
7.608,4.453,-25.02,run11,M3,P0
7.708,4.794,-22.87,run11,M3,P0
7.808,4.99,-20.48,run11,M3,P0
7.908,5.283,-18.72,run11,M3,P0
8.008,5.527,-18.67,run11,M3,P0
8.108,5.722,-19.94,run11,M3,P0
8.208,5.868,-22.38,run11,M3,P0
8.308,5.673,-24.53,run11,M3,P0
8.408,5.283,-25.26,run11,M3,P0
8.508,4.794,-24.04,run11,M3,P0
8.609,4.55,-21.99,run11,M3,P0
8.709,4.257,-19.45,run11,M3,P0
8.809,4.306,-18.28,run11,M3,P0
8.909,4.404,-18.97,run11,M3,P0
9.009,4.648,-21.07,run11,M3,P0
9.109,5.039,-23.46,run11,M3,P0
9.209,5.38,-24.97,run11,M3,P0
9.309,5.722,-24.87,run11,M3,P0
9.409,5.868,-23.26,run11,M3,P0
9.509,5.624,-20.87,run11,M3,P0
9.61,5.429,-18.92,run11,M3,P0
9.71,5.136,-18.48,run11,M3,P0
9.81,4.892,-19.89,run11,M3,P0
9.91,4.453,-22.29,run11,M3,P0
10.01,4.55,-24.78,run11,M3,P0
10.11,4.453,-25.31,run11,M3,P0
10.21,4.746,-24.43,run11,M3,P0
10.31,5.185,-22.29,run11,M3,P0
10.41,5.38,-19.84,run11,M3,P0
10.511,5.527,-18.53,run11,M3,P0
10.611,5.527,-18.58,run11,M3,P0
10.711,5.722,-20.53,run11,M3,P0
10.811,5.722,-23.16,run11,M3,P0
10.911,5.478,-25.02,run11,M3,P0
11.011,5.087,-25.26,run11,M3,P0
11.111,4.648,-23.75,run11,M3,P0
11.211,4.355,-21.26,run11,M3,P0
11.311,4.404,-19.11,run11,M3,P0
11.411,4.453,-18.38,run11,M3,P0
11.511,4.55,-19.5,run11,M3,P0
11.612,4.892,-21.8,run11,M3,P0
11.712,5.185,-23.9,run11,M3,P0
11.812,5.527,-25.21,run11,M3,P0
11.912,5.722,-24.58,run11,M3,P0
12.012,5.673,-22.58,run11,M3,P0
12.112,5.429,-20.24,run11,M3,P0
12.212,5.185,-18.58,run11,M3,P0
12.312,5.087,-18.72,run11,M3,P0
12.412,4.697,-20.48,run11,M3,P0
12.512,4.502,-22.92,run11,M3,P0
12.613,4.404,-24.87,run11,M3,P0
12.713,4.599,-25.31,run11,M3,P0
12.813,4.892,-23.9,run11,M3,P0
12.913,5.234,-21.65,run11,M3,P0
13.013,5.38,-19.26,run11,M3,P0
13.113,5.576,-18.43,run11,M3,P0
13.213,5.576,-19.11,run11,M3,P0
13.313,5.576,-21.21,run11,M3,P0
13.413,5.38,-23.6,run11,M3,P0
13.514,5.185,-25.12,run11,M3,P0
13.614,4.892,-24.97,run11,M3,P0
13.714,4.453,-23.31,run11,M3,P0
13.814,4.257,-20.82,run11,M3,P0
13.914,4.404,-18.92,run11,M3,P0
14.014,4.404,-18.62,run11,M3,P0
14.114,4.648,-19.99,run11,M3,P0
14.214,4.941,-22.29,run11,M3,P0
14.314,5.234,-24.39,run11,M3,P0
14.414,5.527,-25.17,run11,M3,P0
14.514,5.576,-24.24,run11,M3,P0
14.615,5.38,-22.14,run11,M3,P0
14.715,5.283,-19.8,run11,M3,P0
14.815,5.087,-18.58,run11,M3,P0
14.915,4.697,-19.01,run11,M3,P0
15.015,4.355,-21.02,run11,M3,P0
15.115,4.404,-23.51,run11,M3,P0
15.215,4.502,-25.12,run11,M3,P0
15.315,4.843,-25.02,run11,M3,P0
15.415,5.136,-23.21,run11,M3,P0
15.515,5.331,-20.87,run11,M3,P0
15.616,5.38,-18.92,run11,M3,P0
15.716,5.478,-18.38,run11,M3,P0
15.816,5.576,-19.7,run11,M3,P0
15.916,5.429,-21.9,run11,M3,P0
16.016,5.331,-24.24,run11,M3,P0
16.116,5.087,-25.26,run11,M3,P0
16.216,4.746,-24.78,run11,M3,P0
16.316,4.502,-22.53,run11,M3,P0
16.416,4.404,-20.24,run11,M3,P0
16.517,4.55,-18.58,run11,M3,P0
16.617,4.648,-18.87,run11,M3,P0
16.717,4.892,-20.67,run11,M3,P0
16.817,5.185,-22.87,run11,M3,P0
16.917,5.478,-24.63,run11,M3,P0
17.017,5.624,-24.97,run11,M3,P0
17.117,5.624,-23.65,run11,M3,P0
17.217,5.38,-21.55,run11,M3,P0
17.317,5.136,-19.31,run11,M3,P0
17.417,4.99,-18.43,run11,M3,P0
17.517,4.746,-19.41,run11,M3,P0
17.618,4.502,-21.7,run11,M3,P0
17.718,4.502,-24.09,run11,M3,P0
17.818,4.697,-25.26,run11,M3,P0
17.918,5.039,-24.58,run11,M3,P0
18.018,5.283,-22.58,run11,M3,P0
18.118,5.527,-20.38,run11,M3,P0
18.218,5.624,-18.77,run11,M3,P0
18.318,5.624,-18.58,run11,M3,P0
18.418,5.576,-20.19,run11,M3,P0
18.518,5.38,-22.63,run11,M3,P0
18.619,5.185,-24.68,run11,M3,P0
18.719,5.039,-25.31,run11,M3,P0
18.819,4.648,-24.24,run11,M3,P0
18.919,4.55,-21.8,run11,M3,P0
19.019,4.453,-19.5,run11,M3,P0
19.119,4.697,-18.48,run11,M3,P0
19.219,4.892,-19.11,run11,M3,P0
19.319,5.039,-21.11,run11,M3,P0
19.419,5.331,-23.46,run11,M3,P0
19.52,5.576,-24.87,run11,M3,P0
19.62,5.527,-24.68,run11,M3,P0
19.72,5.429,-23.07,run11,M3,P0
19.82,5.234,-20.82,run11,M3,P0
19.92,4.892,-18.92,run11,M3,P0
20.02,4.697,-18.58,run11,M3,P0
20.12,4.648,-19.94,run11,M3,P0
20.22,4.453,-22.43,run11,M3,P0
20.32,4.648,-24.43,run11,M3,P0
20.42,4.941,-25.26,run11,M3,P0
20.52,5.234,-24.24,run11,M3,P0
20.621,5.429,-21.94,run11,M3,P0
20.721,5.478,-19.65,run11,M3,P0
20.821,5.624,-18.58,run11,M3,P0
20.921,5.429,-18.92,run11,M3,P0
21.021,5.38,-20.77,run11,M3,P0
21.121,5.234,-23.26,run11,M3,P0
21.221,5.039,-25.07,run11,M3,P0
21.321,4.843,-24.97,run11,M3,P0
21.421,4.404,-23.46,run11,M3,P0
21.521,4.599,-21.36,run11,M3,P0
21.622,4.746,-19.21,run11,M3,P0
21.722,4.794,-18.62,run11,M3,P0
21.822,5.039,-19.55,run11,M3,P0
21.922,5.331,-21.65,run11,M3,P0
22.022,5.527,-23.99,run11,M3,P0
22.122,5.478,-24.78,run11,M3,P0
22.222,5.429,-24.43,run11,M3,P0
22.322,5.185,-22.63,run11,M3,P0
22.422,5.087,-20.28,run11,M3,P0
22.523,4.746,-18.67,run11,M3,P0
22.623,4.502,-18.87,run11,M3,P0
22.723,4.502,-20.67,run11,M3,P0
22.823,4.55,-23.07,run11,M3,P0
22.923,4.892,-24.82,run11,M3,P0
23.023,4.99,-25.12,run11,M3,P0
23.123,5.429,-23.7,run11,M3,P0
23.223,5.624,-21.41,run11,M3,P0
23.323,5.478,-19.45,run11,M3,P0
23.423,5.478,-18.53,run11,M3,P0
23.523,5.429,-19.26,run11,M3,P0
23.624,5.283,-21.41,run11,M3,P0
23.724,5.136,-23.8,run11,M3,P0
23.824,4.892,-25.26,run11,M3,P0
23.924,4.746,-24.82,run11,M3,P0
24.024,4.697,-23.21,run11,M3,P0
24.124,4.746,-20.77,run11,M3,P0
24.224,4.843,-18.77,run11,M3,P0
24.324,4.99,-18.58,run11,M3,P0
24.424,5.185,-20.09,run11,M3,P0
24.524,5.38,-22.38,run11,M3,P0
24.625,5.478,-24.39,run11,M3,P0
24.725,5.478,-25.02,run11,M3,P0
24.825,5.38,-24.04,run11,M3,P0
24.925,5.087,-21.8,run11,M3,P0
25.025,4.99,-19.65,run11,M3,P0
25.125,4.843,-18.33,run11,M3,P0
25.225,4.746,-18.97,run11,M3,P0
25.325,4.55,-21.02,run11,M3,P0
25.425,4.697,-23.46,run11,M3,P0
25.526,4.843,-24.73,run11,M3,P0
25.626,5.087,-24.43,run11,M3,P0
25.726,5.38,-23.07,run11,M3,P0
25.826,5.429,-20.82,run11,M3,P0
25.926,5.527,-18.97,run11,M3,P0
26.026,5.331,-18.62,run11,M3,P0
26.126,5.331,-19.89,run11,M3,P0
26.226,5.234,-21.99,run11,M3,P0
26.326,4.892,-24.14,run11,M3,P0
26.426,4.746,-25.17,run11,M3,P0
26.526,4.746,-24.29,run11,M3,P0
26.627,4.843,-22.24,run11,M3,P0
26.727,4.941,-19.8,run11,M3,P0
26.827,5.039,-18.58,run11,M3,P0
26.927,5.087,-18.92,run11,M3,P0
27.027,5.283,-20.82,run11,M3,P0
27.127,5.478,-22.97,run11,M3,P0
27.227,5.478,-24.63,run11,M3,P0
27.327,5.331,-24.92,run11,M3,P0
27.427,5.185,-23.75,run11,M3,P0
27.527,4.892,-21.41,run11,M3,P0
27.628,4.697,-19.21,run11,M3,P0
27.728,4.599,-18.62,run11,M3,P0
27.828,4.599,-19.65,run11,M3,P0
27.928,4.843,-21.9,run11,M3,P0
28.028,4.843,-23.99,run11,M3,P0
28.128,5.136,-24.97,run11,M3,P0
28.228,5.185,-24.48,run11,M3,P0
28.328,5.38,-22.63,run11,M3,P0
28.428,5.527,-20.48,run11,M3,P0
28.529,5.429,-18.87,run11,M3,P0
28.629,5.234,-18.67,run11,M3,P0
28.729,5.234,-20.48,run11,M3,P0
28.829,4.99,-22.87,run11,M3,P0
28.929,4.941,-24.73,run11,M3,P0
29.029,4.746,-25.26,run11,M3,P0
29.129,4.697,-23.75,run11,M3,P0
29.229,4.794,-21.8,run11,M3,P0
29.329,4.941,-19.55,run11,M3,P0
29.429,5.234,-18.82,run11,M3,P0
29.529,5.331,-19.55,run11,M3,P0
29.63,5.429,-21.31,run11,M3,P0
29.73,5.527,-23.51,run11,M3,P0
29.83,5.527,-24.87,run11,M3,P0
29.93,5.185,-24.68,run11,M3,P0
30.03,4.892,-22.97,run11,M3,P0
30.13,4.843,-20.53,run11,M3,P0
30.23,4.599,-18.97,run11,M3,P0
30.33,4.599,-18.92,run11,M3,P0
30.43,4.648,-20.24,run11,M3,P0
30.53,4.794,-22.43,run11,M3,P0
30.631,4.892,-24.19,run11,M3,P0
30.731,5.136,-24.78,run11,M3,P0
30.831,5.331,-24.04,run11,M3,P0
30.931,5.478,-21.94,run11,M3,P0
31.031,5.283,-19.6,run11,M3,P0
31.131,5.185,-18.77,run11,M3,P0
31.231,5.185,-19.11,run11,M3,P0
31.331,5.087,-21.16,run11,M3,P0
31.431,4.843,-23.56,run11,M3,P0
31.532,4.794,-25.17,run11,M3,P0
31.632,4.794,-25.07,run11,M3,P0
31.732,4.697,-23.07,run11,M3,P0
31.832,5.039,-21.02,run11,M3,P0
31.932,5.185,-19.21,run11,M3,P0
32.032,5.234,-18.53,run11,M3,P0
32.132,5.38,-19.75,run11,M3,P0
32.232,5.429,-21.8,run11,M3,P0
32.332,5.38,-23.95,run11,M3,P0
32.432,5.283,-24.78,run11,M3,P0
32.532,5.039,-24.09,run11,M3,P0
32.633,4.843,-22.38,run11,M3,P0
32.733,4.746,-20.24,run11,M3,P0
32.833,4.648,-18.77,run11,M3,P0
32.933,4.648,-19.11,run11,M3,P0
33.033,4.746,-20.82,run11,M3,P0
33.133,5.039,-23.07,run11,M3,P0
33.233,5.234,-24.53,run11,M3,P0
33.333,5.429,-24.78,run11,M3,P0
33.433,5.38,-23.36,run11,M3,P0
33.533,5.38,-21.36,run11,M3,P0
33.634,5.331,-19.5,run11,M3,P0
33.734,5.087,-18.58,run11,M3,P0
33.834,5.185,-19.65,run11,M3,P0
33.934,4.99,-21.8,run11,M3,P0
34.034,4.746,-23.8,run11,M3,P0
34.134,4.697,-25.12,run11,M3,P0
34.234,4.892,-24.48,run11,M3,P0
34.334,4.892,-22.77,run11,M3,P0
34.434,5.283,-20.33,run11,M3,P0
34.535,5.185,-18.72,run11,M3,P0
34.635,5.136,-18.62,run11,M3,P0
34.735,5.38,-20.43,run11,M3,P0
34.835,5.527,-22.53,run11,M3,P0
0.0,-0.219,-8.887,run12,M3,P2
0.1,-0.267,-8.839,run12,M3,P2
0.2,-0.461,-7.77,run12,M3,P2
0.3,-0.316,-5.585,run12,M3,P2
0.4,-0.121,-3.448,run12,M3,P2
0.5,0.07285,-2.428,run12,M3,P2
0.601,0.461,-2.817,run12,M3,P2
0.701,0.51,-4.517,run12,M3,P2
0.801,0.801,-6.799,run12,M3,P2
0.901,0.753,-8.402,run12,M3,P2
1.001,0.607,-8.742,run12,M3,P2
1.101,0.364,-7.236,run12,M3,P2
1.201,-0.121,-4.905,run12,M3,P2
1.301,-0.413,-3.011,run12,M3,P2
1.401,-0.558,-2.331,run12,M3,P2
1.502,-0.316,-3.302,run12,M3,P2
1.602,-0.364,-5.294,run12,M3,P2
1.702,-0.02428,-7.576,run12,M3,P2
1.802,0.267,-8.45,run12,M3,P2
1.902,0.461,-7.868,run12,M3,P2
2.002,0.656,-6.168,run12,M3,P2
2.102,0.704,-4.079,run12,M3,P2
2.202,0.656,-2.72,run12,M3,P2
2.302,0.461,-2.623,run12,M3,P2
2.402,0.316,-4.079,run12,M3,P2
2.502,0.219,-6.411,run12,M3,P2
2.603,-0.02428,-8.305,run12,M3,P2
2.703,-0.316,-8.596,run12,M3,P2
2.803,-0.316,-7.43,run12,M3,P2
2.903,-0.316,-5.196,run12,M3,P2
3.003,-0.121,-3.254,run12,M3,P2
3.103,0.07285,-2.38,run12,M3,P2
3.203,0.267,-3.06,run12,M3,P2
3.303,0.656,-4.905,run12,M3,P2
3.403,0.898,-7.042,run12,M3,P2
3.503,0.801,-8.499,run12,M3,P2
3.604,0.558,-8.353,run12,M3,P2
3.704,0.267,-6.799,run12,M3,P2
3.804,-0.219,-4.419,run12,M3,P2
3.904,-0.51,-2.72,run12,M3,P2
4.004,-0.51,-2.477,run12,M3,P2
4.104,-0.558,-3.545,run12,M3,P2
4.204,-0.413,-5.779,run12,M3,P2
4.304,0.02428,-7.722,run12,M3,P2
4.404,0.413,-8.499,run12,M3,P2
4.505,0.753,-7.722,run12,M3,P2
4.605,0.947,-5.876,run12,M3,P2
4.705,0.607,-3.691,run12,M3,P2
4.805,0.656,-2.38,run12,M3,P2
4.905,0.17,-2.574,run12,M3,P2
5.005,0.121,-4.419,run12,M3,P2
5.105,-0.17,-6.653,run12,M3,P2
5.205,-0.364,-8.305,run12,M3,P2
5.305,-0.364,-8.402,run12,M3,P2
5.405,-0.219,-7.09,run12,M3,P2
5.505,-0.02428,-4.857,run12,M3,P2
5.606,0.121,-3.06,run12,M3,P2
5.706,0.413,-2.283,run12,M3,P2
5.806,0.607,-3.205,run12,M3,P2
5.906,0.753,-5.294,run12,M3,P2
6.006,0.801,-7.43,run12,M3,P2
6.106,0.558,-8.353,run12,M3,P2
6.206,0.17,-8.207,run12,M3,P2
6.306,-0.17,-6.313,run12,M3,P2
6.406,-0.364,-4.079,run12,M3,P2
6.506,-0.461,-2.623,run12,M3,P2
6.607,-0.51,-2.574,run12,M3,P2
6.707,-0.316,-3.982,run12,M3,P2
6.807,-0.121,-6.119,run12,M3,P2
6.907,0.219,-7.868,run12,M3,P2
7.007,0.558,-8.547,run12,M3,P2
7.107,0.801,-7.625,run12,M3,P2
7.207,0.704,-5.294,run12,M3,P2
7.307,0.558,-3.594,run12,M3,P2
7.407,0.316,-2.623,run12,M3,P2
7.508,0.219,-2.962,run12,M3,P2
7.608,0.02428,-4.954,run12,M3,P2
7.708,-0.07285,-7.09,run12,M3,P2
7.808,-0.17,-8.45,run12,M3,P2
7.908,-0.219,-8.11,run12,M3,P2
8.008,-0.17,-6.751,run12,M3,P2
8.108,-0.02428,-4.565,run12,M3,P2
8.208,0.17,-2.817,run12,M3,P2
8.308,0.267,-2.623,run12,M3,P2
8.408,0.51,-3.448,run12,M3,P2
8.508,0.704,-5.585,run12,M3,P2
8.609,0.801,-7.673,run12,M3,P2
8.709,0.607,-8.596,run12,M3,P2
8.809,0.17,-7.819,run12,M3,P2
8.909,-0.219,-5.925,run12,M3,P2
9.009,-0.413,-3.934,run12,M3,P2
9.109,-0.461,-2.574,run12,M3,P2
9.209,-0.51,-2.817,run12,M3,P2
9.309,-0.364,-4.468,run12,M3,P2
9.409,0.02428,-6.411,run12,M3,P2
9.509,0.316,-8.013,run12,M3,P2
9.61,0.656,-8.207,run12,M3,P2
9.71,0.898,-6.945,run12,M3,P2
9.81,0.801,-5.148,run12,M3,P2
9.91,0.316,-3.254,run12,M3,P2
10.01,0.17,-2.477,run12,M3,P2
10.11,-0.02428,-3.4,run12,M3,P2
10.21,-0.17,-5.488,run12,M3,P2
10.31,-0.413,-7.43,run12,M3,P2
10.41,-0.316,-8.547,run12,M3,P2
10.511,-0.121,-8.013,run12,M3,P2
10.611,0.121,-6.216,run12,M3,P2
10.711,0.267,-4.031,run12,M3,P2
10.811,0.364,-2.671,run12,M3,P2
10.911,0.656,-2.623,run12,M3,P2
11.011,0.558,-4.031,run12,M3,P2
11.111,0.51,-6.119,run12,M3,P2
11.211,0.461,-8.062,run12,M3,P2
11.311,0.219,-8.499,run12,M3,P2
11.411,-0.07285,-7.479,run12,M3,P2
11.511,-0.316,-5.488,run12,M3,P2
11.612,-0.413,-3.642,run12,M3,P2
11.712,-0.413,-2.525,run12,M3,P2
11.812,-0.267,-3.011,run12,M3,P2
11.912,-0.07285,-4.565,run12,M3,P2
12.012,0.267,-6.702,run12,M3,P2
12.112,0.558,-8.11,run12,M3,P2
12.212,0.558,-8.11,run12,M3,P2
12.312,0.656,-6.702,run12,M3,P2
12.412,0.364,-4.759,run12,M3,P2
12.512,0.316,-3.108,run12,M3,P2
12.613,0.07285,-2.477,run12,M3,P2
12.713,-0.121,-3.74,run12,M3,P2
12.813,-0.121,-5.634,run12,M3,P2
12.913,-0.267,-7.576,run12,M3,P2
13.013,-0.02428,-8.256,run12,M3,P2
13.113,0.02428,-7.625,run12,M3,P2
13.213,0.07285,-5.731,run12,M3,P2
13.313,0.316,-3.788,run12,M3,P2
13.413,0.413,-2.477,run12,M3,P2
13.514,0.607,-2.817,run12,M3,P2
13.614,0.704,-4.322,run12,M3,P2
13.714,0.607,-6.508,run12,M3,P2
13.814,0.413,-8.159,run12,M3,P2
13.914,0.219,-8.547,run12,M3,P2
14.014,-0.219,-7.333,run12,M3,P2
14.114,-0.316,-5.051,run12,M3,P2
14.214,-0.51,-3.157,run12,M3,P2
14.314,-0.413,-2.623,run12,M3,P2
14.414,-0.17,-3.254,run12,M3,P2
14.514,0.219,-5.099,run12,M3,P2
14.615,0.413,-7.236,run12,M3,P2
14.715,0.607,-8.207,run12,M3,P2
14.815,0.801,-8.062,run12,M3,P2
14.915,0.51,-6.508,run12,M3,P2
15.015,0.219,-4.371,run12,M3,P2
15.115,0.17,-2.817,run12,M3,P2
15.215,-0.121,-2.72,run12,M3,P2
15.315,-0.267,-4.079,run12,M3,P2
15.415,-0.219,-6.265,run12,M3,P2
15.515,-0.121,-7.819,run12,M3,P2
15.616,0.02428,-8.207,run12,M3,P2
15.716,0.219,-7.43,run12,M3,P2
15.816,0.413,-5.439,run12,M3,P2
15.916,0.558,-3.594,run12,M3,P2
16.016,0.558,-2.671,run12,M3,P2
16.116,0.461,-2.962,run12,M3,P2
16.216,0.461,-4.759,run12,M3,P2
16.316,0.316,-6.799,run12,M3,P2
16.416,0.219,-8.256,run12,M3,P2
16.517,-0.17,-8.256,run12,M3,P2
16.617,-0.267,-6.751,run12,M3,P2
16.717,-0.364,-4.711,run12,M3,P2
16.817,-0.267,-3.108,run12,M3,P2
16.917,-0.17,-2.477,run12,M3,P2
17.017,0.121,-3.594,run12,M3,P2
17.117,0.267,-5.634,run12,M3,P2
17.217,0.558,-7.333,run12,M3,P2
17.317,0.753,-8.402,run12,M3,P2
17.417,0.558,-7.868,run12,M3,P2
17.517,0.267,-5.973,run12,M3,P2
17.618,0.07285,-4.128,run12,M3,P2
17.718,-0.121,-2.671,run12,M3,P2
17.818,-0.267,-2.865,run12,M3,P2
17.918,-0.316,-4.371,run12,M3,P2
18.018,-0.17,-6.362,run12,M3,P2
18.118,-0.17,-7.868,run12,M3,P2
18.218,0.07285,-8.207,run12,M3,P2
18.318,0.267,-6.896,run12,M3,P2
18.418,0.461,-5.196,run12,M3,P2
18.518,0.461,-3.448,run12,M3,P2
18.619,0.461,-2.671,run12,M3,P2
18.719,0.413,-3.254,run12,M3,P2
18.819,0.461,-5.099,run12,M3,P2
18.919,0.267,-7.236,run12,M3,P2
19.019,0.07285,-8.402,run12,M3,P2
19.119,-0.17,-8.159,run12,M3,P2
19.219,-0.51,-6.119,run12,M3,P2
19.319,-0.267,-4.274,run12,M3,P2
19.419,-0.17,-2.768,run12,M3,P2
19.52,-0.07285,-2.671,run12,M3,P2
19.62,0.121,-3.982,run12,M3,P2
19.72,0.413,-5.731,run12,M3,P2
19.82,0.656,-7.528,run12,M3,P2
19.92,0.656,-8.11,run12,M3,P2
20.02,0.558,-7.528,run12,M3,P2
20.12,0.267,-5.634,run12,M3,P2
20.22,-0.121,-3.642,run12,M3,P2
20.32,-0.219,-2.72,run12,M3,P2
20.42,-0.267,-3.011,run12,M3,P2
20.52,-0.267,-4.614,run12,M3,P2
20.621,-0.07285,-6.653,run12,M3,P2
20.721,0.07285,-7.868,run12,M3,P2
20.821,0.267,-7.868,run12,M3,P2
20.921,0.607,-6.751,run12,M3,P2
21.021,0.461,-4.759,run12,M3,P2
21.121,0.51,-3.205,run12,M3,P2
21.221,0.413,-2.817,run12,M3,P2
21.321,0.364,-3.642,run12,M3,P2
21.421,0.267,-5.634,run12,M3,P2
21.521,0.121,-7.43,run12,M3,P2
21.622,0.02428,-8.353,run12,M3,P2
21.722,-0.17,-7.722,run12,M3,P2
21.822,-0.17,-6.071,run12,M3,P2
21.922,-0.07285,-3.934,run12,M3,P2
22.022,0.02428,-2.72,run12,M3,P2
22.122,0.121,-2.962,run12,M3,P2
22.222,0.461,-4.079,run12,M3,P2
22.322,0.51,-6.168,run12,M3,P2
22.422,0.461,-7.819,run12,M3,P2
22.523,0.316,-8.11,run12,M3,P2
22.623,0.316,-7.09,run12,M3,P2
22.723,0.07285,-5.196,run12,M3,P2
22.823,-0.17,-3.497,run12,M3,P2
22.923,-0.17,-2.817,run12,M3,P2
23.023,-0.267,-3.302,run12,M3,P2
23.123,-0.07285,-5.051,run12,M3,P2
23.223,0.17,-6.848,run12,M3,P2
23.323,0.316,-7.868,run12,M3,P2
23.423,0.364,-7.77,run12,M3,P2
23.523,0.461,-6.265,run12,M3,P2
23.624,0.461,-4.419,run12,M3,P2
23.724,0.219,-2.914,run12,M3,P2
23.824,0.219,-2.671,run12,M3,P2
23.924,0.219,-3.982,run12,M3,P2
24.024,0.121,-5.779,run12,M3,P2
24.124,0.07285,-7.77,run12,M3,P2
24.224,-0.121,-8.207,run12,M3,P2
24.324,-0.02428,-7.479,run12,M3,P2
24.424,-0.02428,-5.634,run12,M3,P2
24.524,-0.02428,-3.788,run12,M3,P2
24.625,0.121,-2.72,run12,M3,P2
24.725,0.316,-3.06,run12,M3,P2
24.825,0.461,-4.565,run12,M3,P2
24.925,0.461,-6.605,run12,M3,P2
25.025,0.558,-8.159,run12,M3,P2
25.125,0.364,-8.159,run12,M3,P2
25.225,0.121,-6.945,run12,M3,P2
25.325,-0.07285,-4.857,run12,M3,P2
25.425,-0.364,-3.205,run12,M3,P2
25.526,-0.364,-3.011,run12,M3,P2
25.626,-0.267,-3.545,run12,M3,P2
25.726,-0.121,-5.391,run12,M3,P2
25.826,0.316,-7.285,run12,M3,P2
25.926,0.364,-8.013,run12,M3,P2
26.026,0.51,-7.576,run12,M3,P2
26.126,0.461,-5.973,run12,M3,P2
26.226,0.364,-4.177,run12,M3,P2
26.326,0.316,-2.865,run12,M3,P2
26.426,0.17,-2.962,run12,M3,P2
26.526,0.121,-4.371,run12,M3,P2
26.627,-0.02428,-6.313,run12,M3,P2
26.727,-0.02428,-7.868,run12,M3,P2
26.827,0.07285,-8.159,run12,M3,P2
26.927,0.17,-7.236,run12,M3,P2
27.027,0.219,-5.294,run12,M3,P2
27.127,0.121,-3.351,run12,M3,P2
27.227,0.219,-2.331,run12,M3,P2
27.327,0.413,-3.254,run12,M3,P2
27.427,0.316,-4.954,run12,M3,P2
27.527,0.364,-6.799,run12,M3,P2
27.628,0.461,-8.062,run12,M3,P2
27.728,0.267,-8.062,run12,M3,P2
27.828,0.121,-6.605,run12,M3,P2
27.928,-0.121,-4.517,run12,M3,P2
28.028,-0.219,-3.108,run12,M3,P2
28.128,-0.17,-2.72,run12,M3,P2
28.228,-0.07285,-3.691,run12,M3,P2
28.328,0.02428,-5.585,run12,M3,P2
28.428,0.219,-7.43,run12,M3,P2
28.529,0.413,-8.159,run12,M3,P2
28.629,0.461,-7.333,run12,M3,P2
28.729,0.364,-5.634,run12,M3,P2
28.829,0.364,-3.691,run12,M3,P2
28.929,0.219,-2.817,run12,M3,P2
29.029,0.17,-3.06,run12,M3,P2
29.129,0.02428,-4.759,run12,M3,P2
29.229,-0.17,-6.848,run12,M3,P2
29.329,-0.02428,-8.159,run12,M3,P2
29.429,0.02428,-8.159,run12,M3,P2
29.529,0.267,-6.605,run12,M3,P2
29.63,0.17,-4.808,run12,M3,P2
29.73,0.17,-3.205,run12,M3,P2
29.83,0.364,-2.817,run12,M3,P2
29.93,0.364,-3.4,run12,M3,P2
30.03,0.364,-5.294,run12,M3,P2
30.13,0.364,-7.188,run12,M3,P2
30.23,0.219,-8.207,run12,M3,P2
30.33,0.07285,-7.77,run12,M3,P2
30.43,0.07285,-6.119,run12,M3,P2
30.53,-0.219,-4.274,run12,M3,P2
30.631,-0.17,-2.72,run12,M3,P2
30.731,-0.17,-2.817,run12,M3,P2
30.831,0.17,-4.419,run12,M3,P2
30.931,0.17,-6.216,run12,M3,P2
31.031,0.413,-7.528,run12,M3,P2
31.131,0.558,-7.965,run12,M3,P2
31.231,0.558,-6.993,run12,M3,P2
31.331,0.413,-5.099,run12,M3,P2
31.431,0.17,-3.302,run12,M3,P2
31.532,0.02428,-2.72,run12,M3,P2
31.632,-0.02428,-3.06,run12,M3,P2
31.732,-0.121,-4.857,run12,M3,P2
31.832,-0.07285,-6.896,run12,M3,P2
31.932,0.02428,-7.965,run12,M3,P2
32.032,0.219,-7.722,run12,M3,P2
32.132,0.364,-6.411,run12,M3,P2
32.232,0.316,-4.274,run12,M3,P2
32.332,0.364,-2.817,run12,M3,P2
32.432,0.219,-2.768,run12,M3,P2
32.532,0.219,-3.982,run12,M3,P2
32.633,0.267,-5.488,run12,M3,P2
32.733,0.219,-7.722,run12,M3,P2
32.833,0.17,-8.11,run12,M3,P2
32.933,0.17,-7.673,run12,M3,P2
33.033,-0.07285,-5.731,run12,M3,P2
33.133,0.02428,-4.031,run12,M3,P2
33.233,0.02428,-2.962,run12,M3,P2
33.333,-0.02428,-3.06,run12,M3,P2
33.433,0.17,-4.711,run12,M3,P2
33.533,0.219,-6.313,run12,M3,P2
33.634,0.219,-7.576,run12,M3,P2
33.734,0.364,-7.965,run12,M3,P2
33.834,0.413,-6.702,run12,M3,P2
33.934,0.219,-4.759,run12,M3,P2
34.034,0.17,-3.497,run12,M3,P2
34.134,-0.02428,-2.768,run12,M3,P2
34.234,-0.17,-3.594,run12,M3,P2
34.334,-0.121,-5.245,run12,M3,P2
34.434,-0.02428,-7.236,run12,M3,P2
34.535,0.07285,-7.916,run12,M3,P2
34.635,0.121,-7.528,run12,M3,P2
34.735,0.267,-5.925,run12,M3,P2
34.835,0.267,-3.934,run12,M3,P2
0.0,-0.367,-9.68,run13,M3,P4
0.1,-0.416,-9.191,run13,M3,P4
0.2,-0.562,-7.333,run13,M3,P4
0.3,-0.22,-4.889,run13,M3,P4
0.4,0.122,-2.64,run13,M3,P4
0.5,0.416,-2.053,run13,M3,P4
0.601,1.1,-3.129,run13,M3,P4
0.701,1.1,-5.427,run13,M3,P4
0.801,1.344,-8.018,run13,M3,P4
0.901,1.1,-9.191,run13,M3,P4
1.001,0.709,-8.898,run13,M3,P4
1.101,0.122,-6.991,run13,M3,P4
1.201,-0.464,-4.302,run13,M3,P4
1.301,-0.562,-2.689,run13,M3,P4
1.401,-0.709,-2.151,run13,M3,P4
1.502,-0.611,-3.813,run13,M3,P4
1.602,-0.416,-6.111,run13,M3,P4
1.702,0.07333,-8.164,run13,M3,P4
1.802,0.513,-8.8,run13,M3,P4
1.902,0.953,-8.164,run13,M3,P4
2.002,1.247,-5.916,run13,M3,P4
2.102,1.198,-3.618,run13,M3,P4
2.202,0.904,-2.249,run13,M3,P4
2.302,0.66,-2.444,run13,M3,P4
2.402,0.269,-4.351,run13,M3,P4
2.502,-0.171,-6.844,run13,M3,P4
2.603,-0.464,-8.849,run13,M3,P4
2.703,-0.562,-9.387,run13,M3,P4
2.803,-0.269,-7.773,run13,M3,P4
2.903,-0.07333,-5.622,run13,M3,P4
3.003,0.367,-3.276,run13,M3,P4
3.103,0.66,-2.151,run13,M3,P4
3.203,0.807,-2.787,run13,M3,P4
3.303,0.66,-4.938,run13,M3,P4
3.403,0.611,-7.333,run13,M3,P4
3.503,0.318,-8.898,run13,M3,P4
3.604,0.07333,-9.044,run13,M3,P4
3.704,-0.122,-7.48,run13,M3,P4
3.804,-0.07333,-4.889,run13,M3,P4
3.904,-0.07333,-2.933,run13,M3,P4
4.004,0.07333,-2.347,run13,M3,P4
4.104,0.269,-3.276,run13,M3,P4
4.204,0.611,-5.573,run13,M3,P4
4.304,0.758,-7.969,run13,M3,P4
4.404,0.758,-8.8,run13,M3,P4
4.505,0.611,-8.409,run13,M3,P4
4.605,0.464,-6.6,run13,M3,P4
4.705,0.171,-4.253,run13,M3,P4
4.805,0.122,-2.738,run13,M3,P4
4.905,-0.02444,-2.689,run13,M3,P4
5.005,-0.171,-4.107,run13,M3,P4
5.105,-0.171,-6.404,run13,M3,P4
5.205,0.07333,-8.507,run13,M3,P4
5.305,0.171,-8.996,run13,M3,P4
5.405,0.464,-8.067,run13,M3,P4
5.505,0.611,-5.72,run13,M3,P4
5.606,0.709,-3.813,run13,M3,P4
5.706,0.709,-2.542,run13,M3,P4
5.806,0.66,-2.738,run13,M3,P4
5.906,0.562,-4.449,run13,M3,P4
6.006,0.464,-6.698,run13,M3,P4
6.106,0.22,-8.604,run13,M3,P4
6.206,0.07333,-8.947,run13,M3,P4
6.306,-0.171,-7.627,run13,M3,P4
6.406,-0.122,-5.427,run13,M3,P4
6.506,0.02444,-3.324,run13,M3,P4
6.607,0.22,-2.347,run13,M3,P4
6.707,0.416,-3.129,run13,M3,P4
6.807,0.66,-5.084,run13,M3,P4
6.907,0.807,-7.431,run13,M3,P4
7.007,0.807,-8.604,run13,M3,P4
7.107,0.611,-8.458,run13,M3,P4
7.207,0.318,-6.942,run13,M3,P4
7.307,0.22,-4.742,run13,M3,P4
7.407,-0.07333,-2.933,run13,M3,P4
7.508,-0.07333,-2.542,run13,M3,P4
7.608,-0.171,-3.667,run13,M3,P4
7.708,-0.07333,-5.867,run13,M3,P4
7.808,0.122,-8.067,run13,M3,P4
7.908,0.367,-8.8,run13,M3,P4
8.008,0.513,-7.969,run13,M3,P4
8.108,0.758,-6.111,run13,M3,P4
8.208,0.758,-4.058,run13,M3,P4
8.308,0.611,-2.689,run13,M3,P4
8.408,0.513,-2.591,run13,M3,P4
8.508,0.513,-4.107,run13,M3,P4
8.609,0.318,-6.404,run13,M3,P4
8.709,0.07333,-8.311,run13,M3,P4
8.809,-0.07333,-8.849,run13,M3,P4
8.909,0.02444,-7.871,run13,M3,P4
9.009,0.122,-5.818,run13,M3,P4
9.109,0.122,-3.764,run13,M3,P4
9.209,0.318,-2.64,run13,M3,P4
9.309,0.464,-2.982,run13,M3,P4
9.409,0.758,-4.644,run13,M3,P4
9.509,0.709,-6.942,run13,M3,P4
9.61,0.709,-8.409,run13,M3,P4
9.71,0.513,-8.409,run13,M3,P4
9.81,0.269,-7.138,run13,M3,P4
9.91,0.02444,-5.182,run13,M3,P4
10.01,-0.02444,-3.178,run13,M3,P4
10.11,-0.07333,-2.64,run13,M3,P4
10.21,-0.122,-3.471,run13,M3,P4
10.31,0.02444,-5.476,run13,M3,P4
10.41,0.07333,-7.578,run13,M3,P4
10.511,0.513,-8.702,run13,M3,P4
10.611,0.611,-8.36,run13,M3,P4
10.711,0.709,-6.6,run13,M3,P4
10.811,0.709,-4.4,run13,M3,P4
10.911,0.513,-2.933,run13,M3,P4
11.011,0.416,-2.689,run13,M3,P4
11.111,0.367,-4.009,run13,M3,P4
11.211,0.171,-6.013,run13,M3,P4
11.311,0.07333,-8.067,run13,M3,P4
11.411,0.02444,-8.947,run13,M3,P4
11.511,0.02444,-8.311,run13,M3,P4
11.612,0.171,-6.258,run13,M3,P4
11.712,0.318,-4.204,run13,M3,P4
11.812,0.416,-2.836,run13,M3,P4
11.912,0.562,-3.031,run13,M3,P4
12.012,0.611,-4.449,run13,M3,P4
12.112,0.807,-6.551,run13,M3,P4
12.212,0.562,-8.116,run13,M3,P4
12.312,0.416,-8.653,run13,M3,P4
12.412,0.171,-7.578,run13,M3,P4
12.512,0.02444,-5.622,run13,M3,P4
12.613,-0.122,-3.764,run13,M3,P4
12.713,-0.122,-2.738,run13,M3,P4
12.813,-0.07333,-3.422,run13,M3,P4
12.913,0.122,-5.231,run13,M3,P4
13.013,0.269,-7.138,run13,M3,P4
13.113,0.464,-8.409,run13,M3,P4
13.213,0.562,-8.36,run13,M3,P4
13.313,0.611,-6.893,run13,M3,P4
13.413,0.709,-4.791,run13,M3,P4
13.514,0.513,-3.276,run13,M3,P4
13.614,0.318,-2.836,run13,M3,P4
13.714,0.22,-3.716,run13,M3,P4
13.814,0.02444,-5.622,run13,M3,P4
13.914,-0.07333,-7.724,run13,M3,P4
14.014,-0.07333,-8.751,run13,M3,P4
14.114,0.122,-8.164,run13,M3,P4
14.214,0.22,-6.551,run13,M3,P4
14.314,0.367,-4.449,run13,M3,P4
14.414,0.513,-3.031,run13,M3,P4
14.514,0.611,-2.933,run13,M3,P4
14.615,0.758,-4.107,run13,M3,P4
14.715,0.709,-6.111,run13,M3,P4
14.815,0.562,-7.871,run13,M3,P4
14.915,0.367,-8.604,run13,M3,P4
15.015,0.122,-7.676,run13,M3,P4
15.115,-0.07333,-5.964,run13,M3,P4
15.215,-0.122,-3.96,run13,M3,P4
15.315,-0.07333,-2.933,run13,M3,P4
15.415,0.02444,-3.373,run13,M3,P4
15.515,0.22,-4.791,run13,M3,P4
15.616,0.416,-6.747,run13,M3,P4
15.716,0.709,-8.164,run13,M3,P4
15.816,0.758,-8.213,run13,M3,P4
15.916,0.611,-6.942,run13,M3,P4
16.016,0.611,-5.182,run13,M3,P4
16.116,0.367,-3.422,run13,M3,P4
16.216,0.318,-2.787,run13,M3,P4
16.316,0.122,-3.569,run13,M3,P4
16.416,-0.122,-5.329,run13,M3,P4
16.517,-0.07333,-7.431,run13,M3,P4
16.617,0.07333,-8.604,run13,M3,P4
16.717,0.22,-8.409,run13,M3,P4
16.817,0.464,-6.844,run13,M3,P4
16.917,0.611,-4.84,run13,M3,P4
17.017,0.66,-3.178,run13,M3,P4
17.117,0.66,-2.738,run13,M3,P4
17.217,0.709,-4.058,run13,M3,P4
17.317,0.562,-5.671,run13,M3,P4
17.417,0.464,-7.431,run13,M3,P4
17.517,0.269,-8.36,run13,M3,P4
17.618,0.122,-7.822,run13,M3,P4
17.718,-0.171,-6.16,run13,M3,P4
17.818,-0.02444,-4.4,run13,M3,P4
17.918,-0.02444,-3.031,run13,M3,P4
18.018,0.171,-3.227,run13,M3,P4
18.118,0.318,-4.547,run13,M3,P4
18.218,0.513,-6.453,run13,M3,P4
18.318,0.611,-7.871,run13,M3,P4
18.418,0.709,-8.311,run13,M3,P4
18.518,0.709,-7.333,run13,M3,P4
18.619,0.562,-5.622,run13,M3,P4
18.719,0.22,-3.862,run13,M3,P4
18.819,0.122,-2.982,run13,M3,P4
18.919,-0.02444,-3.373,run13,M3,P4
19.019,-0.122,-5.036,run13,M3,P4
19.119,-0.07333,-6.991,run13,M3,P4
19.219,0.122,-8.262,run13,M3,P4
19.319,0.318,-8.36,run13,M3,P4
19.419,0.464,-7.04,run13,M3,P4
19.52,0.611,-5.28,run13,M3,P4
19.62,0.709,-3.618,run13,M3,P4
19.72,0.611,-2.933,run13,M3,P4
19.82,0.513,-3.667,run13,M3,P4
19.92,0.318,-5.476,run13,M3,P4
20.02,0.269,-7.284,run13,M3,P4
20.12,0.22,-8.262,run13,M3,P4
20.22,0.02444,-8.018,run13,M3,P4
20.32,-0.02444,-6.6,run13,M3,P4
20.42,0.02444,-4.693,run13,M3,P4
20.52,0.07333,-3.373,run13,M3,P4
20.621,0.416,-3.129,run13,M3,P4
20.721,0.464,-4.107,run13,M3,P4
20.821,0.562,-5.916,run13,M3,P4
20.921,0.758,-7.627,run13,M3,P4
21.021,0.611,-8.164,run13,M3,P4
21.121,0.464,-7.578,run13,M3,P4
21.221,0.318,-6.013,run13,M3,P4
21.321,0.07333,-4.302,run13,M3,P4
21.421,0.07333,-3.178,run13,M3,P4
21.521,-0.02444,-3.373,run13,M3,P4
21.622,0.02444,-4.889,run13,M3,P4
21.722,0.02444,-6.698,run13,M3,P4
21.822,0.22,-8.018,run13,M3,P4
21.922,0.367,-8.311,run13,M3,P4
22.022,0.611,-7.187,run13,M3,P4
22.122,0.66,-5.622,run13,M3,P4
22.222,0.66,-4.058,run13,M3,P4
22.322,0.611,-3.178,run13,M3,P4
22.422,0.562,-3.667,run13,M3,P4
22.523,0.416,-5.036,run13,M3,P4
22.623,0.318,-6.942,run13,M3,P4
22.723,0.122,-8.018,run13,M3,P4
22.823,-0.02444,-8.067,run13,M3,P4
22.923,0.02444,-6.844,run13,M3,P4
23.023,0.07333,-5.084,run13,M3,P4
23.123,0.318,-3.667,run13,M3,P4
23.223,0.318,-3.178,run13,M3,P4
23.323,0.562,-4.058,run13,M3,P4
23.423,0.611,-5.622,run13,M3,P4
23.523,0.66,-7.284,run13,M3,P4
23.624,0.709,-8.116,run13,M3,P4
23.724,0.416,-7.773,run13,M3,P4
23.824,0.269,-6.258,run13,M3,P4
23.924,0.07333,-4.596,run13,M3,P4
24.024,-0.02444,-3.422,run13,M3,P4
24.124,-0.07333,-3.276,run13,M3,P4
24.224,0.07333,-4.644,run13,M3,P4
24.324,0.122,-6.307,run13,M3,P4
24.424,0.269,-7.822,run13,M3,P4
24.524,0.513,-8.164,run13,M3,P4
24.625,0.66,-7.284,run13,M3,P4
24.725,0.611,-5.72,run13,M3,P4
24.825,0.513,-4.253,run13,M3,P4
24.925,0.513,-3.276,run13,M3,P4
25.025,0.416,-3.52,run13,M3,P4
25.125,0.269,-4.889,run13,M3,P4
25.225,0.122,-6.649,run13,M3,P4
25.325,0.02444,-7.92,run13,M3,P4
25.425,-0.02444,-8.164,run13,M3,P4
25.526,0.07333,-7.138,run13,M3,P4
25.626,0.22,-5.427,run13,M3,P4
25.726,0.367,-3.813,run13,M3,P4
25.826,0.416,-3.422,run13,M3,P4
25.926,0.416,-3.813,run13,M3,P4
26.026,0.611,-5.378,run13,M3,P4
26.126,0.611,-6.893,run13,M3,P4
26.226,0.464,-7.969,run13,M3,P4
26.326,0.22,-7.724,run13,M3,P4
26.426,0.02444,-6.6,run13,M3,P4
26.526,-0.122,-5.084,run13,M3,P4
26.627,-0.122,-3.813,run13,M3,P4
26.727,-0.122,-3.422,run13,M3,P4
26.827,0.02444,-4.302,run13,M3,P4
26.927,0.22,-5.916,run13,M3,P4
27.027,0.464,-7.382,run13,M3,P4
27.127,0.464,-7.969,run13,M3,P4
27.227,0.66,-7.578,run13,M3,P4
27.327,0.562,-6.209,run13,M3,P4
27.427,0.416,-4.351,run13,M3,P4
27.527,0.416,-3.569,run13,M3,P4
27.628,0.318,-3.52,run13,M3,P4
27.728,0.07333,-4.547,run13,M3,P4
27.828,0.02444,-6.258,run13,M3,P4
27.928,-0.07333,-7.822,run13,M3,P4
28.028,0.07333,-8.164,run13,M3,P4
28.128,0.318,-7.333,run13,M3,P4
28.228,0.269,-5.72,run13,M3,P4
28.328,0.562,-4.204,run13,M3,P4
28.428,0.562,-3.471,run13,M3,P4
28.529,0.611,-3.716,run13,M3,P4
28.629,0.66,-5.133,run13,M3,P4
28.729,0.562,-6.6,run13,M3,P4
28.829,0.367,-7.578,run13,M3,P4
28.929,0.07333,-7.822,run13,M3,P4
29.029,0.02444,-6.844,run13,M3,P4
29.129,0.07333,-5.231,run13,M3,P4
29.229,-0.07333,-3.813,run13,M3,P4
29.329,0.122,-3.422,run13,M3,P4
29.429,0.171,-4.156,run13,M3,P4
29.529,0.367,-5.573,run13,M3,P4
29.63,0.562,-7.187,run13,M3,P4
29.73,0.611,-7.822,run13,M3,P4
29.83,0.611,-7.627,run13,M3,P4
29.93,0.464,-6.209,run13,M3,P4
30.03,0.416,-4.596,run13,M3,P4
30.13,0.22,-3.667,run13,M3,P4
30.23,0.171,-3.422,run13,M3,P4
30.33,0.122,-4.498,run13,M3,P4
30.43,-0.07333,-6.209,run13,M3,P4
30.53,0.122,-7.529,run13,M3,P4
30.631,0.269,-8.164,run13,M3,P4
30.731,0.269,-7.431,run13,M3,P4
30.831,0.464,-5.964,run13,M3,P4
30.931,0.611,-4.498,run13,M3,P4
31.031,0.709,-3.471,run13,M3,P4
31.131,0.66,-3.813,run13,M3,P4
31.231,0.562,-4.742,run13,M3,P4
31.331,0.513,-6.356,run13,M3,P4
31.431,0.367,-7.627,run13,M3,P4
31.532,0.22,-7.822,run13,M3,P4
31.632,0.122,-6.991,run13,M3,P4
31.732,0.02444,-5.427,run13,M3,P4
31.832,0.02444,-4.156,run13,M3,P4
31.932,0.171,-3.373,run13,M3,P4
32.032,0.367,-4.058,run13,M3,P4
32.132,0.464,-5.427,run13,M3,P4
32.232,0.611,-7.089,run13,M3,P4
32.332,0.66,-7.773,run13,M3,P4
32.432,0.66,-7.724,run13,M3,P4
32.532,0.416,-6.453,run13,M3,P4
32.633,0.367,-4.938,run13,M3,P4
32.733,0.122,-3.764,run13,M3,P4
32.833,0.122,-3.569,run13,M3,P4
32.933,0.171,-4.302,run13,M3,P4
33.033,0.171,-5.769,run13,M3,P4
33.133,0.171,-7.187,run13,M3,P4
33.233,0.367,-7.871,run13,M3,P4
33.333,0.416,-7.676,run13,M3,P4
33.433,0.464,-6.16,run13,M3,P4
33.533,0.562,-4.596,run13,M3,P4
33.634,0.611,-3.618,run13,M3,P4
33.734,0.513,-3.667,run13,M3,P4
33.834,0.367,-4.693,run13,M3,P4
33.934,0.367,-6.111,run13,M3,P4
34.034,0.318,-7.627,run13,M3,P4
34.134,0.122,-7.822,run13,M3,P4
34.234,0.07333,-7.284,run13,M3,P4
34.334,0.07333,-5.964,run13,M3,P4
34.434,0.269,-4.596,run13,M3,P4
34.535,0.269,-3.813,run13,M3,P4
34.635,0.367,-4.058,run13,M3,P4
34.735,0.464,-5.133,run13,M3,P4
34.835,0.562,-6.502,run13,M3,P4
0.0,-0.318,-10.41,run14,M3,P6
0.1,-0.611,-9.289,run14,M3,P6
0.2,-0.611,-6.796,run14,M3,P6
0.3,0.02444,-3.813,run14,M3,P6
0.4,0.22,-2.151,run14,M3,P6
0.5,0.416,-2.053,run14,M3,P6
0.601,0.367,-3.667,run14,M3,P6
0.701,0.171,-6.307,run14,M3,P6
0.801,0.122,-8.898,run14,M3,P6
0.901,0.02444,-9.876,run14,M3,P6
1.001,0.07333,-9.191,run14,M3,P6
1.101,0.22,-6.747,run14,M3,P6
1.201,0.367,-4.204,run14,M3,P6
1.301,0.513,-2.542,run14,M3,P6
1.401,0.611,-2.493,run14,M3,P6
1.502,0.416,-4.204,run14,M3,P6
1.602,0.269,-6.698,run14,M3,P6
1.702,0.122,-8.947,run14,M3,P6
1.802,-0.02444,-9.582,run14,M3,P6
1.902,-0.02444,-8.653,run14,M3,P6
2.002,0.122,-6.356,run14,M3,P6
2.102,0.269,-3.911,run14,M3,P6
2.202,0.464,-2.444,run14,M3,P6
2.302,0.562,-2.591,run14,M3,P6
2.402,0.562,-4.498,run14,M3,P6
2.502,0.416,-6.942,run14,M3,P6
2.603,0.464,-8.996,run14,M3,P6
2.703,0.171,-9.631,run14,M3,P6
2.803,0.171,-8.556,run14,M3,P6
2.903,-0.02444,-6.502,run14,M3,P6
3.003,0.122,-3.813,run14,M3,P6
3.103,0.171,-2.444,run14,M3,P6
3.203,0.269,-2.787,run14,M3,P6
3.303,0.22,-4.4,run14,M3,P6
3.403,0.464,-6.942,run14,M3,P6
3.503,0.464,-8.751,run14,M3,P6
3.604,0.562,-9.338,run14,M3,P6
3.704,0.464,-8.409,run14,M3,P6
3.804,0.367,-6.062,run14,M3,P6
3.904,0.269,-3.96,run14,M3,P6
4.004,0.171,-2.591,run14,M3,P6
4.104,0.269,-3.178,run14,M3,P6
4.204,0.318,-4.889,run14,M3,P6
4.304,0.269,-7.138,run14,M3,P6
4.404,0.367,-8.8,run14,M3,P6
4.505,0.513,-8.849,run14,M3,P6
4.605,0.562,-7.773,run14,M3,P6
4.705,0.513,-5.671,run14,M3,P6
4.805,0.416,-3.618,run14,M3,P6
4.905,0.269,-2.836,run14,M3,P6
5.005,0.22,-3.373,run14,M3,P6
5.105,0.269,-5.329,run14,M3,P6
5.205,0.171,-7.333,run14,M3,P6
5.305,0.22,-9.044,run14,M3,P6
5.405,0.22,-8.996,run14,M3,P6
5.505,0.269,-7.578,run14,M3,P6
5.606,0.416,-5.476,run14,M3,P6
5.706,0.318,-3.618,run14,M3,P6
5.806,0.318,-3.031,run14,M3,P6
5.906,0.269,-3.422,run14,M3,P6
6.006,0.318,-5.28,run14,M3,P6
6.106,0.269,-7.284,run14,M3,P6
6.206,0.269,-8.702,run14,M3,P6
6.306,0.367,-8.947,run14,M3,P6
6.406,0.416,-7.676,run14,M3,P6
6.506,0.367,-5.427,run14,M3,P6
6.607,0.416,-3.716,run14,M3,P6
6.707,0.416,-2.982,run14,M3,P6
6.807,0.416,-3.764,run14,M3,P6
6.907,0.318,-5.524,run14,M3,P6
7.007,0.318,-7.382,run14,M3,P6
7.107,0.269,-8.604,run14,M3,P6
7.207,0.318,-8.36,run14,M3,P6
7.307,0.22,-6.991,run14,M3,P6
7.407,0.367,-5.084,run14,M3,P6
7.508,0.318,-3.667,run14,M3,P6
7.608,0.318,-3.031,run14,M3,P6
7.708,0.464,-4.058,run14,M3,P6
7.808,0.513,-5.916,run14,M3,P6
7.908,0.464,-7.871,run14,M3,P6
8.008,0.464,-8.8,run14,M3,P6
8.108,0.416,-8.458,run14,M3,P6
8.208,0.416,-6.893,run14,M3,P6
8.308,0.22,-4.987,run14,M3,P6
8.408,0.22,-3.471,run14,M3,P6
8.508,0.269,-3.276,run14,M3,P6
8.609,0.367,-4.156,run14,M3,P6
8.709,0.367,-5.964,run14,M3,P6
8.809,0.416,-7.724,run14,M3,P6
8.909,0.464,-8.653,run14,M3,P6
9.009,0.513,-8.311,run14,M3,P6
9.109,0.562,-6.844,run14,M3,P6
9.209,0.513,-4.84,run14,M3,P6
9.309,0.416,-3.813,run14,M3,P6
9.409,0.367,-3.667,run14,M3,P6
9.509,0.122,-4.644,run14,M3,P6
9.61,0.416,-6.16,run14,M3,P6
9.71,0.07333,-7.627,run14,M3,P6
9.81,0.22,-8.507,run14,M3,P6
9.91,0.318,-8.018,run14,M3,P6
10.01,0.269,-6.551,run14,M3,P6
10.11,0.318,-4.889,run14,M3,P6
10.21,0.464,-3.716,run14,M3,P6
10.31,0.464,-3.813,run14,M3,P6
10.41,0.513,-4.84,run14,M3,P6
10.511,0.611,-6.551,run14,M3,P6
10.611,0.611,-7.969,run14,M3,P6
10.711,0.22,-8.409,run14,M3,P6
10.811,0.318,-7.627,run14,M3,P6
10.911,0.318,-6.111,run14,M3,P6
11.011,0.122,-4.644,run14,M3,P6
11.111,0.122,-3.618,run14,M3,P6
11.211,0.22,-3.862,run14,M3,P6
11.311,0.269,-4.987,run14,M3,P6
11.411,0.416,-6.649,run14,M3,P6
11.511,0.416,-7.92,run14,M3,P6
11.612,0.464,-8.36,run14,M3,P6
11.712,0.611,-7.773,run14,M3,P6
11.812,0.464,-6.111,run14,M3,P6
11.912,0.464,-4.498,run14,M3,P6
12.012,0.416,-3.618,run14,M3,P6
12.112,0.367,-3.862,run14,M3,P6
12.212,0.367,-5.036,run14,M3,P6
12.312,0.22,-6.747,run14,M3,P6
12.412,0.22,-7.822,run14,M3,P6
12.512,0.22,-8.262,run14,M3,P6
12.613,0.318,-7.48,run14,M3,P6
12.713,0.416,-5.916,run14,M3,P6
12.813,0.513,-4.4,run14,M3,P6
12.913,0.513,-3.813,run14,M3,P6
13.013,0.464,-4.204,run14,M3,P6
13.113,0.464,-5.28,run14,M3,P6
13.213,0.464,-6.942,run14,M3,P6
13.313,0.464,-7.92,run14,M3,P6
13.413,0.367,-8.116,run14,M3,P6
13.514,0.269,-6.991,run14,M3,P6
13.614,0.269,-5.573,run14,M3,P6
13.714,0.269,-4.302,run14,M3,P6
13.814,0.269,-3.813,run14,M3,P6
13.914,0.22,-4.302,run14,M3,P6
14.014,0.318,-5.476,run14,M3,P6
14.114,0.416,-7.089,run14,M3,P6
14.214,0.513,-8.018,run14,M3,P6
14.314,0.562,-7.871,run14,M3,P6
14.414,0.562,-7.04,run14,M3,P6
14.514,0.562,-5.72,run14,M3,P6
14.615,0.367,-4.204,run14,M3,P6
14.715,0.367,-3.911,run14,M3,P6
14.815,0.367,-4.351,run14,M3,P6
14.915,0.269,-5.622,run14,M3,P6
15.015,0.22,-6.991,run14,M3,P6
15.115,0.22,-8.018,run14,M3,P6
15.215,0.367,-7.822,run14,M3,P6
15.315,0.513,-6.991,run14,M3,P6
15.415,0.513,-5.573,run14,M3,P6
15.515,0.464,-4.4,run14,M3,P6
15.616,0.464,-3.96,run14,M3,P6
15.716,0.513,-4.498,run14,M3,P6
15.816,0.464,-5.964,run14,M3,P6
15.916,0.318,-7.138,run14,M3,P6
16.016,0.22,-7.627,run14,M3,P6
16.116,0.22,-7.676,run14,M3,P6
16.216,0.171,-6.356,run14,M3,P6
16.316,0.22,-5.329,run14,M3,P6
16.416,0.22,-4.302,run14,M3,P6
16.517,0.416,-4.009,run14,M3,P6
16.617,0.416,-4.644,run14,M3,P6
16.717,0.464,-5.916,run14,M3,P6
16.817,0.464,-7.138,run14,M3,P6
16.917,0.464,-7.92,run14,M3,P6
17.017,0.464,-7.627,run14,M3,P6
17.117,0.464,-6.649,run14,M3,P6
17.217,0.367,-4.791,run14,M3,P6
17.317,0.367,-4.253,run14,M3,P6
17.417,0.367,-4.107,run14,M3,P6
17.517,0.269,-4.84,run14,M3,P6
17.618,0.269,-5.916,run14,M3,P6
17.718,0.269,-7.138,run14,M3,P6
17.818,0.318,-7.676,run14,M3,P6
17.918,0.464,-7.529,run14,M3,P6
18.018,0.611,-6.307,run14,M3,P6
18.118,0.562,-5.084,run14,M3,P6
18.218,0.562,-4.4,run14,M3,P6
18.318,0.464,-4.253,run14,M3,P6
18.418,0.318,-4.987,run14,M3,P6
18.518,0.269,-6.111,run14,M3,P6
18.619,0.22,-7.138,run14,M3,P6
18.719,0.22,-7.627,run14,M3,P6
18.819,0.22,-7.284,run14,M3,P6
18.919,0.22,-6.258,run14,M3,P6
19.019,0.416,-4.938,run14,M3,P6
19.119,0.416,-4.253,run14,M3,P6
19.219,0.464,-4.4,run14,M3,P6
19.319,0.513,-4.987,run14,M3,P6
19.419,0.513,-6.551,run14,M3,P6
19.52,0.513,-7.382,run14,M3,P6
19.62,0.513,-7.676,run14,M3,P6
19.72,0.367,-7.138,run14,M3,P6
19.82,0.318,-6.111,run14,M3,P6
19.92,0.22,-5.036,run14,M3,P6
20.02,0.22,-4.253,run14,M3,P6
20.12,0.269,-4.4,run14,M3,P6
20.22,0.269,-5.133,run14,M3,P6
20.32,0.367,-6.502,run14,M3,P6
20.42,0.464,-7.431,run14,M3,P6
20.52,0.464,-7.724,run14,M3,P6
20.621,0.562,-7.089,run14,M3,P6
20.721,0.562,-5.916,run14,M3,P6
20.821,0.562,-4.987,run14,M3,P6
20.921,0.416,-4.351,run14,M3,P6
21.021,0.367,-4.644,run14,M3,P6
21.121,0.269,-5.378,run14,M3,P6
21.221,0.171,-6.6,run14,M3,P6
21.321,0.171,-7.284,run14,M3,P6
21.421,0.122,-7.48,run14,M3,P6
21.521,0.269,-6.844,run14,M3,P6
21.622,0.416,-5.867,run14,M3,P6
21.722,0.367,-4.84,run14,M3,P6
21.822,0.367,-4.644,run14,M3,P6
21.922,0.464,-4.84,run14,M3,P6
22.022,0.416,-5.818,run14,M3,P6
22.122,0.416,-6.747,run14,M3,P6
22.222,0.367,-7.333,run14,M3,P6
22.322,0.318,-7.431,run14,M3,P6
22.422,0.269,-6.747,run14,M3,P6
22.523,0.122,-5.524,run14,M3,P6
22.623,0.22,-4.644,run14,M3,P6
22.723,0.416,-4.302,run14,M3,P6
22.823,0.464,-4.742,run14,M3,P6
22.923,0.367,-5.818,run14,M3,P6
23.023,0.416,-6.991,run14,M3,P6
23.123,0.513,-7.48,run14,M3,P6
23.223,0.513,-7.333,run14,M3,P6
23.323,0.562,-6.747,run14,M3,P6
23.423,0.464,-5.671,run14,M3,P6
23.523,0.464,-4.742,run14,M3,P6
23.624,0.416,-4.449,run14,M3,P6
23.724,0.269,-4.84,run14,M3,P6
23.824,0.171,-5.769,run14,M3,P6
23.924,0.171,-6.698,run14,M3,P6
24.024,0.22,-7.236,run14,M3,P6
24.124,0.318,-7.236,run14,M3,P6
24.224,0.416,-6.404,run14,M3,P6
24.324,0.464,-5.476,run14,M3,P6
24.424,0.562,-4.889,run14,M3,P6
24.524,0.562,-4.644,run14,M3,P6
24.625,0.562,-4.938,run14,M3,P6
24.725,0.562,-5.964,run14,M3,P6
24.825,0.416,-7.089,run14,M3,P6
24.925,0.367,-7.431,run14,M3,P6
25.025,0.22,-7.089,run14,M3,P6
25.125,0.171,-6.258,run14,M3,P6
25.225,0.122,-5.231,run14,M3,P6
25.325,0.269,-4.596,run14,M3,P6
25.425,0.367,-4.596,run14,M3,P6
25.526,0.464,-5.182,run14,M3,P6
25.626,0.562,-6.258,run14,M3,P6
25.726,0.562,-7.04,run14,M3,P6
25.826,0.562,-7.431,run14,M3,P6
25.926,0.562,-7.138,run14,M3,P6
26.026,0.464,-6.013,run14,M3,P6
26.126,0.367,-5.182,run14,M3,P6
26.226,0.367,-4.596,run14,M3,P6
26.326,0.22,-4.84,run14,M3,P6
26.426,0.171,-5.378,run14,M3,P6
26.526,0.269,-6.356,run14,M3,P6
26.627,0.318,-7.089,run14,M3,P6
26.727,0.416,-7.382,run14,M3,P6
26.827,0.513,-6.942,run14,M3,P6
26.927,0.562,-6.16,run14,M3,P6
27.027,0.611,-5.084,run14,M3,P6
27.127,0.611,-4.596,run14,M3,P6
27.227,0.611,-4.938,run14,M3,P6
27.327,0.464,-5.476,run14,M3,P6
27.427,0.367,-6.258,run14,M3,P6
27.527,0.318,-7.138,run14,M3,P6
27.628,0.22,-7.284,run14,M3,P6
27.728,0.171,-6.747,run14,M3,P6
27.828,0.22,-5.818,run14,M3,P6
27.928,0.22,-4.987,run14,M3,P6
28.028,0.367,-4.791,run14,M3,P6
28.128,0.513,-5.036,run14,M3,P6
28.228,0.513,-5.769,run14,M3,P6
28.328,0.513,-6.551,run14,M3,P6
28.428,0.513,-7.089,run14,M3,P6
28.529,0.513,-7.382,run14,M3,P6
28.629,0.22,-6.747,run14,M3,P6
28.729,0.367,-5.671,run14,M3,P6
28.829,0.171,-4.84,run14,M3,P6
28.929,0.171,-4.596,run14,M3,P6
29.029,0.22,-5.084,run14,M3,P6
29.129,0.22,-5.964,run14,M3,P6
29.229,0.22,-6.698,run14,M3,P6
29.329,0.367,-7.382,run14,M3,P6
29.429,0.562,-7.236,run14,M3,P6
29.529,0.562,-6.649,run14,M3,P6
29.63,0.513,-5.573,run14,M3,P6
29.73,0.513,-5.036,run14,M3,P6
29.83,0.22,-4.693,run14,M3,P6
29.93,0.22,-5.133,run14,M3,P6
30.03,0.22,-5.964,run14,M3,P6
30.13,0.269,-6.893,run14,M3,P6
30.23,0.318,-7.333,run14,M3,P6
30.33,0.367,-7.138,run14,M3,P6
30.43,0.416,-6.258,run14,M3,P6
30.53,0.416,-5.573,run14,M3,P6
30.631,0.416,-4.693,run14,M3,P6
30.731,0.416,-4.693,run14,M3,P6
30.831,0.416,-5.036,run14,M3,P6
30.931,0.416,-6.062,run14,M3,P6
31.031,0.416,-6.844,run14,M3,P6
31.131,0.416,-7.382,run14,M3,P6
31.231,0.416,-7.04,run14,M3,P6
31.331,0.416,-6.453,run14,M3,P6
31.431,0.269,-5.573,run14,M3,P6
31.532,0.171,-4.84,run14,M3,P6
31.632,0.171,-4.644,run14,M3,P6
31.732,0.22,-5.231,run14,M3,P6
31.832,0.269,-6.013,run14,M3,P6
31.932,0.416,-6.796,run14,M3,P6
32.032,0.416,-7.236,run14,M3,P6
32.132,0.513,-7.187,run14,M3,P6
32.232,0.562,-6.502,run14,M3,P6
32.332,0.562,-5.671,run14,M3,P6
32.432,0.562,-4.987,run14,M3,P6
32.532,0.367,-4.644,run14,M3,P6
32.633,0.22,-5.573,run14,M3,P6
32.733,0.22,-6.111,run14,M3,P6
32.833,0.22,-6.893,run14,M3,P6
32.933,0.269,-7.089,run14,M3,P6
33.033,0.464,-6.893,run14,M3,P6
33.133,0.318,-6.356,run14,M3,P6
33.233,0.464,-5.133,run14,M3,P6
33.333,0.464,-4.889,run14,M3,P6
33.433,0.464,-5.084,run14,M3,P6
33.533,0.464,-5.769,run14,M3,P6
33.634,0.416,-6.356,run14,M3,P6
33.734,0.367,-6.796,run14,M3,P6
33.834,0.269,-6.991,run14,M3,P6
33.934,0.269,-6.796,run14,M3,P6
34.034,0.269,-6.16,run14,M3,P6
34.134,0.269,-5.329,run14,M3,P6
34.234,0.22,-4.693,run14,M3,P6
34.334,0.269,-4.987,run14,M3,P6
34.434,0.318,-5.427,run14,M3,P6
34.535,0.416,-6.16,run14,M3,P6
34.635,0.464,-6.942,run14,M3,P6
34.735,0.562,-7.187,run14,M3,P6
34.835,0.562,-6.649,run14,M3,P6
0.0,3.791,-26.54,run15,M3,P6
0.1,3.84,-24.38,run15,M3,P6
0.2,4.184,-21.43,run15,M3,P6
0.3,4.43,-18.98,run15,M3,P6
0.4,4.724,-18.14,run15,M3,P6
0.5,5.019,-19.03,run15,M3,P6
0.601,5.117,-21.04,run15,M3,P6
0.701,5.215,-23.4,run15,M3,P6
0.801,5.068,-24.97,run15,M3,P6
0.901,4.675,-25.22,run15,M3,P6
1.001,4.184,-23.99,run15,M3,P6
1.101,3.89,-21.73,run15,M3,P6
1.201,3.644,-19.42,run15,M3,P6
1.301,3.742,-18.78,run15,M3,P6
1.401,3.791,-19.67,run15,M3,P6
1.502,3.84,-21.78,run15,M3,P6
1.602,4.233,-23.99,run15,M3,P6
1.702,4.724,-25.02,run15,M3,P6
1.802,5.117,-24.63,run15,M3,P6
1.902,5.019,-23.2,run15,M3,P6
2.002,5.068,-20.89,run15,M3,P6
2.102,4.872,-19.03,run15,M3,P6
2.202,4.724,-18.68,run15,M3,P6
2.302,4.479,-19.86,run15,M3,P6
2.402,4.086,-22.12,run15,M3,P6
2.502,3.89,-24.72,run15,M3,P6
2.603,3.693,-26.25,run15,M3,P6
2.703,3.89,-25.61,run15,M3,P6
2.803,4.233,-23.6,run15,M3,P6
2.903,4.528,-20.99,run15,M3,P6
3.003,4.773,-19.13,run15,M3,P6
3.103,4.97,-18.78,run15,M3,P6
3.203,5.166,-19.62,run15,M3,P6
3.303,5.166,-21.63,run15,M3,P6
3.403,5.117,-23.55,run15,M3,P6
3.503,4.675,-24.97,run15,M3,P6
3.604,4.43,-25.12,run15,M3,P6
3.704,3.988,-23.74,run15,M3,P6
3.804,3.693,-21.43,run15,M3,P6
3.904,3.595,-19.62,run15,M3,P6
4.004,3.742,-19.22,run15,M3,P6
4.104,4.037,-20.26,run15,M3,P6
4.204,4.233,-22.12,run15,M3,P6
4.304,4.528,-23.69,run15,M3,P6
4.404,4.97,-24.53,run15,M3,P6
4.505,5.215,-24.04,run15,M3,P6
4.605,5.117,-22.47,run15,M3,P6
4.705,4.97,-20.6,run15,M3,P6
4.805,4.724,-19.22,run15,M3,P6
4.905,4.43,-19.08,run15,M3,P6
5.005,4.184,-20.55,run15,M3,P6
5.105,3.791,-22.96,run15,M3,P6
5.205,3.791,-24.87,run15,M3,P6
5.305,4.037,-25.56,run15,M3,P6
5.405,4.233,-24.48,run15,M3,P6
5.505,4.479,-22.51,run15,M3,P6
5.606,4.823,-20.45,run15,M3,P6
5.706,5.019,-19.13,run15,M3,P6
5.806,5.117,-19.03,run15,M3,P6
5.906,5.166,-20.16,run15,M3,P6
6.006,5.019,-21.83,run15,M3,P6
6.106,4.773,-23.99,run15,M3,P6
6.206,4.282,-25.12,run15,M3,P6
6.306,4.135,-24.92,run15,M3,P6
6.406,3.644,-23.25,run15,M3,P6
6.506,3.742,-21.29,run15,M3,P6
6.607,3.84,-19.67,run15,M3,P6
6.707,4.086,-19.57,run15,M3,P6
6.807,4.332,-20.5,run15,M3,P6
6.907,4.724,-22.32,run15,M3,P6
7.007,5.019,-23.6,run15,M3,P6
7.107,5.265,-24.23,run15,M3,P6
7.207,5.117,-23.69,run15,M3,P6
7.307,4.872,-22.27,run15,M3,P6
7.407,4.773,-20.45,run15,M3,P6
7.508,4.233,-19.57,run15,M3,P6
7.608,3.988,-19.91,run15,M3,P6
7.708,3.644,-21.29,run15,M3,P6
7.808,3.644,-23.25,run15,M3,P6
7.908,3.89,-24.68,run15,M3,P6
8.008,4.135,-24.77,run15,M3,P6
8.108,4.577,-23.84,run15,M3,P6
8.208,4.97,-21.97,run15,M3,P6
8.308,4.97,-20.16,run15,M3,P6
8.408,5.068,-19.32,run15,M3,P6
8.508,5.068,-19.42,run15,M3,P6
8.609,4.97,-20.65,run15,M3,P6
8.709,4.724,-22.56,run15,M3,P6
8.809,4.43,-24.53,run15,M3,P6
8.909,3.89,-25.31,run15,M3,P6
9.009,3.84,-24.68,run15,M3,P6
9.109,3.89,-22.91,run15,M3,P6
9.209,3.988,-20.8,run15,M3,P6
9.309,4.282,-19.57,run15,M3,P6
9.409,4.577,-19.81,run15,M3,P6
9.509,4.823,-20.99,run15,M3,P6
9.61,5.019,-22.42,run15,M3,P6
9.71,5.019,-23.55,run15,M3,P6
9.81,4.97,-23.94,run15,M3,P6
9.91,4.97,-23.4,run15,M3,P6
10.01,4.577,-21.88,run15,M3,P6
10.11,4.233,-20.55,run15,M3,P6
10.21,3.939,-19.96,run15,M3,P6
10.31,3.791,-20.5,run15,M3,P6
10.41,3.644,-21.88,run15,M3,P6
10.511,3.89,-23.35,run15,M3,P6
10.611,4.233,-24.38,run15,M3,P6
10.711,4.675,-24.09,run15,M3,P6
10.811,4.97,-22.91,run15,M3,P6
10.911,5.068,-21.68,run15,M3,P6
11.011,5.019,-20.21,run15,M3,P6
11.111,5.019,-19.62,run15,M3,P6
11.211,4.921,-19.91,run15,M3,P6
11.311,4.528,-21.43,run15,M3,P6
11.411,4.135,-23.45,run15,M3,P6
11.511,4.037,-24.92,run15,M3,P6
11.612,3.791,-25.07,run15,M3,P6
11.712,3.791,-23.99,run15,M3,P6
11.812,3.89,-21.93,run15,M3,P6
11.912,4.381,-20.35,run15,M3,P6
12.012,4.577,-19.62,run15,M3,P6
12.112,5.019,-20.16,run15,M3,P6
12.212,5.019,-21.39,run15,M3,P6
12.312,5.117,-22.56,run15,M3,P6
12.412,5.019,-23.69,run15,M3,P6
12.512,4.921,-24.04,run15,M3,P6
12.613,4.577,-23.25,run15,M3,P6
12.713,4.086,-21.97,run15,M3,P6
12.813,3.84,-20.75,run15,M3,P6
12.913,3.791,-20.11,run15,M3,P6
13.013,3.791,-20.65,run15,M3,P6
13.113,3.939,-21.97,run15,M3,P6
13.213,4.381,-23.3,run15,M3,P6
13.313,4.577,-23.84,run15,M3,P6
13.413,4.921,-23.6,run15,M3,P6
13.514,5.117,-22.51,run15,M3,P6
13.614,5.215,-21.24,run15,M3,P6
13.714,5.019,-20.11,run15,M3,P6
13.814,4.823,-19.72,run15,M3,P6
13.914,4.528,-20.55,run15,M3,P6
14.014,4.086,-22.07,run15,M3,P6
14.114,3.791,-23.89,run15,M3,P6
14.214,3.84,-24.87,run15,M3,P6
14.314,3.939,-24.58,run15,M3,P6
14.414,4.184,-23.2,run15,M3,P6
14.514,4.528,-21.24,run15,M3,P6
14.615,4.872,-20.31,run15,M3,P6
14.715,5.068,-19.86,run15,M3,P6
14.815,5.019,-20.5,run15,M3,P6
14.915,5.215,-21.58,run15,M3,P6
15.015,4.97,-22.86,run15,M3,P6
15.115,4.724,-23.79,run15,M3,P6
15.215,4.282,-23.84,run15,M3,P6
15.315,3.988,-23.25,run15,M3,P6
15.415,3.742,-21.78,run15,M3,P6
15.515,3.742,-20.7,run15,M3,P6
15.616,3.791,-20.26,run15,M3,P6
15.716,4.037,-20.94,run15,M3,P6
15.816,4.381,-21.88,run15,M3,P6
15.916,4.675,-23.15,run15,M3,P6
16.016,4.872,-23.6,run15,M3,P6
16.116,5.068,-23.35,run15,M3,P6
16.216,5.117,-22.47,run15,M3,P6
16.316,4.97,-21.14,run15,M3,P6
16.416,4.675,-20.26,run15,M3,P6
16.517,4.381,-20.31,run15,M3,P6
16.617,3.988,-21.29,run15,M3,P6
16.717,3.791,-22.71,run15,M3,P6
16.817,3.693,-24.33,run15,M3,P6
16.917,3.791,-24.53,run15,M3,P6
17.017,4.233,-23.94,run15,M3,P6
17.117,4.675,-22.42,run15,M3,P6
17.217,4.97,-20.85,run15,M3,P6
17.317,5.019,-20.16,run15,M3,P6
17.417,5.166,-20.01,run15,M3,P6
17.517,5.019,-20.65,run15,M3,P6
17.618,4.872,-21.93,run15,M3,P6
17.718,4.528,-23.45,run15,M3,P6
17.818,4.135,-24.14,run15,M3,P6
17.918,3.988,-24.14,run15,M3,P6
18.018,3.595,-22.81,run15,M3,P6
18.118,3.791,-21.43,run15,M3,P6
18.218,4.037,-20.6,run15,M3,P6
18.318,4.282,-20.4,run15,M3,P6
18.418,4.577,-21.09,run15,M3,P6
18.518,4.921,-22.27,run15,M3,P6
18.619,5.068,-23.06,run15,M3,P6
18.719,5.068,-23.45,run15,M3,P6
18.819,5.068,-23.15,run15,M3,P6
18.919,4.872,-22.12,run15,M3,P6
19.019,4.528,-21.19,run15,M3,P6
19.119,4.184,-20.45,run15,M3,P6
19.219,3.939,-20.89,run15,M3,P6
19.319,3.644,-21.73,run15,M3,P6
19.419,3.742,-23.06,run15,M3,P6
19.52,3.988,-23.89,run15,M3,P6
19.62,4.381,-23.89,run15,M3,P6
19.72,4.773,-23.06,run15,M3,P6
19.82,5.019,-21.68,run15,M3,P6
19.92,5.117,-20.65,run15,M3,P6
20.02,5.215,-20.01,run15,M3,P6
20.12,5.019,-20.16,run15,M3,P6
20.22,4.773,-21.29,run15,M3,P6
20.32,4.626,-22.56,run15,M3,P6
20.42,4.184,-23.74,run15,M3,P6
20.52,3.89,-24.14,run15,M3,P6
20.621,3.89,-23.89,run15,M3,P6
20.721,3.84,-22.42,run15,M3,P6
20.821,4.037,-21.09,run15,M3,P6
20.921,4.381,-20.4,run15,M3,P6
21.021,4.724,-20.31,run15,M3,P6
21.121,4.97,-21.14,run15,M3,P6
21.221,5.166,-22.17,run15,M3,P6
21.321,5.117,-23.1,run15,M3,P6
21.421,5.117,-23.4,run15,M3,P6
21.521,4.773,-22.96,run15,M3,P6
21.622,4.332,-22.12,run15,M3,P6
21.722,4.037,-21.14,run15,M3,P6
21.822,3.84,-20.85,run15,M3,P6
21.922,3.742,-21.09,run15,M3,P6
22.022,3.89,-21.93,run15,M3,P6
22.122,4.135,-23.01,run15,M3,P6
22.222,4.528,-23.45,run15,M3,P6
22.322,4.823,-23.35,run15,M3,P6
22.422,4.97,-22.47,run15,M3,P6
22.523,5.117,-21.48,run15,M3,P6
22.623,5.117,-20.7,run15,M3,P6
22.723,5.068,-20.21,run15,M3,P6
22.823,4.724,-20.75,run15,M3,P6
22.923,4.381,-21.88,run15,M3,P6
23.023,4.086,-23.35,run15,M3,P6
23.123,3.84,-24.04,run15,M3,P6
23.223,3.791,-24.28,run15,M3,P6
23.323,3.939,-23.25,run15,M3,P6
23.423,4.282,-21.73,run15,M3,P6
23.523,4.577,-20.7,run15,M3,P6
23.624,4.773,-20.4,run15,M3,P6
23.724,4.872,-20.8,run15,M3,P6
23.824,5.019,-21.43,run15,M3,P6
23.924,5.166,-22.66,run15,M3,P6
24.024,4.97,-23.35,run15,M3,P6
24.124,4.479,-23.5,run15,M3,P6
24.224,4.037,-22.91,run15,M3,P6
24.324,3.89,-21.88,run15,M3,P6
24.424,3.742,-21.09,run15,M3,P6
24.524,3.742,-20.8,run15,M3,P6
24.625,3.89,-21.24,run15,M3,P6
24.725,4.086,-22.07,run15,M3,P6
24.825,4.43,-22.76,run15,M3,P6
24.925,4.823,-23.3,run15,M3,P6
25.025,4.97,-23.06,run15,M3,P6
25.125,5.117,-22.17,run15,M3,P6
25.225,5.019,-21.29,run15,M3,P6
25.325,4.823,-20.7,run15,M3,P6
25.425,4.43,-20.6,run15,M3,P6
25.526,4.282,-21.29,run15,M3,P6
25.626,3.988,-22.56,run15,M3,P6
25.726,3.89,-23.55,run15,M3,P6
25.826,3.89,-23.99,run15,M3,P6
25.926,4.135,-23.64,run15,M3,P6
26.026,4.43,-22.56,run15,M3,P6
26.126,4.773,-21.34,run15,M3,P6
26.226,4.921,-20.65,run15,M3,P6
26.326,5.019,-20.31,run15,M3,P6
26.426,5.117,-21.04,run15,M3,P6
26.526,5.068,-21.97,run15,M3,P6
26.627,4.872,-22.81,run15,M3,P6
26.727,4.381,-23.64,run15,M3,P6
26.827,4.135,-23.6,run15,M3,P6
26.927,3.939,-22.91,run15,M3,P6
27.027,3.595,-21.78,run15,M3,P6
27.127,3.988,-21.09,run15,M3,P6
27.227,4.135,-20.89,run15,M3,P6
27.327,4.381,-21.34,run15,M3,P6
27.427,4.724,-22.17,run15,M3,P6
27.527,5.019,-22.81,run15,M3,P6
27.628,5.166,-23.1,run15,M3,P6
27.728,5.166,-22.81,run15,M3,P6
27.828,4.97,-22.07,run15,M3,P6
27.928,4.675,-21.24,run15,M3,P6
28.028,4.43,-21.09,run15,M3,P6
28.128,4.184,-21.24,run15,M3,P6
28.228,3.89,-21.93,run15,M3,P6
28.328,3.791,-23.01,run15,M3,P6
28.428,3.89,-23.69,run15,M3,P6
28.529,4.282,-23.69,run15,M3,P6
28.629,4.577,-22.96,run15,M3,P6
28.729,4.823,-21.93,run15,M3,P6
28.829,5.068,-20.94,run15,M3,P6
28.929,5.166,-20.45,run15,M3,P6
29.029,5.117,-20.6,run15,M3,P6
29.129,4.921,-21.29,run15,M3,P6
29.229,4.675,-22.32,run15,M3,P6
29.329,4.233,-23.25,run15,M3,P6
29.429,4.086,-23.84,run15,M3,P6
29.529,3.742,-23.6,run15,M3,P6
29.63,3.742,-22.47,run15,M3,P6
29.73,3.988,-21.63,run15,M3,P6
29.83,4.233,-20.85,run15,M3,P6
29.93,4.479,-20.94,run15,M3,P6
30.03,4.773,-21.34,run15,M3,P6
30.13,5.068,-22.07,run15,M3,P6
30.23,5.166,-22.76,run15,M3,P6
30.33,5.019,-22.91,run15,M3,P6
30.43,4.773,-22.71,run15,M3,P6
30.53,4.43,-22.07,run15,M3,P6
30.631,4.282,-21.39,run15,M3,P6
30.731,3.988,-21.04,run15,M3,P6
30.831,3.84,-21.43,run15,M3,P6
30.931,3.742,-22.12,run15,M3,P6
31.031,3.939,-23.01,run15,M3,P6
31.131,4.332,-23.15,run15,M3,P6
31.231,4.626,-23.1,run15,M3,P6
31.331,5.019,-22.42,run15,M3,P6
31.431,5.117,-21.68,run15,M3,P6
31.532,5.117,-20.89,run15,M3,P6
31.632,5.117,-20.75,run15,M3,P6
31.732,4.921,-20.94,run15,M3,P6
31.832,4.577,-21.83,run15,M3,P6
31.932,4.282,-22.76,run15,M3,P6
32.032,3.988,-23.64,run15,M3,P6
32.132,3.89,-23.89,run15,M3,P6
32.232,3.84,-23.01,run15,M3,P6
32.332,4.086,-21.97,run15,M3,P6
32.432,4.43,-21.09,run15,M3,P6
32.532,4.724,-20.6,run15,M3,P6
32.633,4.921,-20.94,run15,M3,P6
32.733,5.117,-21.48,run15,M3,P6
32.833,5.068,-22.32,run15,M3,P6
32.933,5.068,-22.71,run15,M3,P6
33.033,4.773,-22.96,run15,M3,P6
33.133,4.332,-22.56,run15,M3,P6
33.233,3.988,-21.93,run15,M3,P6
33.333,3.89,-21.48,run15,M3,P6
33.433,3.693,-21.19,run15,M3,P6
33.533,3.742,-21.29,run15,M3,P6
33.634,4.086,-22.02,run15,M3,P6
33.734,4.43,-22.61,run15,M3,P6
33.834,4.724,-22.91,run15,M3,P6
33.934,4.872,-22.81,run15,M3,P6
34.034,4.97,-22.27,run15,M3,P6
34.134,5.068,-21.34,run15,M3,P6
34.234,4.724,-20.89,run15,M3,P6
34.334,4.43,-20.89,run15,M3,P6
34.434,4.233,-21.24,run15,M3,P6
34.535,3.988,-22.27,run15,M3,P6
34.635,3.84,-23.1,run15,M3,P6
34.735,3.84,-23.74,run15,M3,P6
34.835,3.939,-23.4,run15,M3,P6
